date,flow_cfs,flow_mm_day
2019-01-01,9600.0,12.058883088771372
2019-01-02,6480.0,8.139746084920676
2019-01-03,6210.0,7.800589998048982
2019-01-04,10600.0,13.315016743851722
2019-01-05,9690.0,12.171935117728603
2019-01-06,9180.0,11.531306953637623
2019-01-07,5720.0,7.185084507059608
2019-01-08,3300.0,4.145241061765159
2019-01-09,2070.0,2.6001966660163265
2019-01-10,1340.0,1.6832190978076704
2019-01-11,1130.0,1.4194310302407966
2019-01-12,1010.0,1.2686949916311547
2019-01-13,1150.0,1.444553703342404
2019-01-14,1200.0,1.5073603860964215
2019-01-15,1100.0,1.3817470205883862
2019-01-16,938.0,1.1782533684653695
2019-01-17,849.0,1.0664574731632182
2019-01-18,829.0,1.041334800061611
2019-01-19,958.0,1.2033760415669765
2019-01-20,2000.0,2.5122673101607025
2019-01-21,2620.0,3.2910701763105195
2019-01-22,1850.0,2.3238472618986497
2019-01-23,1990.0,2.4997059736098985
2019-01-24,5110.0,6.418842977460594
2019-01-25,5410.0,6.795683073984699
2019-01-26,4770.0,5.991757534733275
2019-01-27,2560.0,3.215702157005699
2019-01-28,1250.0,1.570167068850439
2019-01-29,1020.0,1.281256328181958
2019-01-30,1030.0,1.2938176647327617
2019-01-31,1100.0,1.3817470205883862
2019-02-01,955.0,1.1996076406017353
2019-02-02,806.0,1.012443725994763
2019-02-03,735.0,0.923258236484058
2019-02-04,687.0,0.8629638210402013
2019-02-05,668.0,0.8390972815936746
2019-02-06,760.0,0.954661577861067
2019-02-07,778.0,0.9772719836525132
2019-02-08,788.0,0.9898333202033166
2019-02-09,675.0,0.8478902171792371
2019-02-10,576.0,0.7235329853262823
2019-02-11,530.0,0.6657508371925861
2019-02-12,754.0,0.9471247759305846
2019-02-13,1490.0,1.8716391460697233
2019-02-14,1990.0,2.4997059736098985
2019-02-15,1470.0,1.846516472968116
2019-02-16,906.0,1.138057091502798
2019-02-17,745.0,0.9358195730348616
2019-02-18,669.0,0.8403534152487548
2019-02-19,753.0,0.9458686422755045
2019-02-20,1880.0,2.3615312715510597
2019-02-21,7020.0,8.818058258664065
2019-02-22,10200.0,12.812563281819582
2019-02-23,13900.0,17.460257805616884
2019-02-24,10800.0,13.566243474867793
2019-02-25,6330.0,7.951326036658622
2019-02-26,4170.0,5.238077341685065
2019-02-27,2180.0,2.7383713680751653
2019-02-28,3300.0,4.145241061765159
2019-03-01,5050.0,6.343474958155774
2019-03-02,4100.0,5.15014798582944
2019-03-03,3470.0,4.3587837831288185
2019-03-04,4270.0,5.363690707193099
2019-03-05,3770.0,4.735623879652924
2019-03-06,2470.0,3.1026501280484675
2019-03-07,1420.0,1.7837097902140986
2019-03-08,1120.0,1.4068696936899934
2019-03-09,984.0,1.2360355165990655
2019-03-10,909.0,1.141825492468039
2019-03-11,876.0,1.1003730818503876
2019-03-12,2470.0,3.1026501280484675
2019-03-13,4340.0,5.451620063048724
2019-03-14,3980.0,4.999411947219797
2019-03-15,2950.0,3.705594282487036
2019-03-16,1800.0,2.2610405791446317
2019-03-17,1180.0,1.4822377129948143
2019-03-18,874.0,1.0978608145402269
2019-03-19,751.0,0.9433563749653437
2019-03-20,674.0,0.8466340835241567
2019-03-21,617.0,0.7750344651845767
2019-03-22,573.0,0.7197645843610412
2019-03-23,538.0,0.6757999064332288
2019-03-24,511.0,0.6418842977460595
2019-03-25,505.0,0.6343474958155774
2019-03-26,568.0,0.7134839160856395
2019-03-27,554.0,0.6958980449145146
2019-03-28,522.0,0.6557017679519433
2019-03-29,486.0,0.6104809563690508
2019-03-30,460.0,0.5778214813369614
2019-03-31,539.0,0.6770560400883093
2019-04-01,500.0,0.6280668275401756
2019-04-02,451.0,0.5665162784412383
2019-04-03,417.0,0.5238077341685065
2019-04-04,440.0,0.5526988082353546
2019-04-05,828.0,1.0400786664065307
2019-04-06,1520.0,1.909323155722134
2019-04-07,1190.0,1.494799049545618
2019-04-08,953.0,1.1970953732915746
2019-04-09,2290.0,2.876546070134004
2019-04-10,4380.0,5.501865409251939
2019-04-11,4030.0,5.062218629973816
2019-04-12,3370.0,4.233170417620784
2019-04-13,6900.0,8.667322220054423
2019-04-14,10500.0,13.189403378343687
2019-04-15,11300.0,14.194310302407969
2019-04-16,10500.0,13.189403378343687
2019-04-17,5470.0,6.8710510932895215
2019-04-18,3760.0,4.723062543102119
2019-04-19,10700.0,13.440630109359757
2019-04-20,7590.0,9.534054442059865
2019-04-21,5950.0,7.47399524772809
2019-04-22,3700.0,4.647694523797299
2019-04-23,1750.0,2.1982338963906143
2019-04-24,1050.0,1.3189403378343687
2019-04-25,1470.0,1.846516472968116
2019-04-26,3050.0,3.831207647995072
2019-04-27,3470.0,4.3587837831288185
2019-04-28,2670.0,3.353876859064538
2019-04-29,1300.0,1.6329737516044565
2019-04-30,835.0,1.0488716019920934
2019-05-01,688.0,0.8642199546952817
2019-05-02,605.0,0.7599608613236124
2019-05-03,552.0,0.6933857776043537
2019-05-04,679.0,0.8529147517995583
2019-05-05,1180.0,1.4822377129948143
2019-05-06,1280.0,1.6078510785028495
2019-05-07,1080.0,1.3566243474867792
2019-05-08,736.0,0.9245143701391385
2019-05-09,1210.0,1.5199217226472248
2019-05-10,5230.0,6.569579016070237
2019-05-11,8410.0,10.564084039225753
2019-05-12,13600.0,17.083417709092775
2019-05-13,14400.0,18.088324633157054
2019-05-14,11700.0,14.696763764440108
2019-05-15,6090.0,7.649853959439338
2019-05-16,2960.0,3.71815561903784
2019-05-17,1530.0,1.9218844922729372
2019-05-18,935.0,1.1744849675001283
2019-05-19,991.0,1.244828452184628
2019-05-20,1300.0,1.6329737516044565
2019-05-21,1080.0,1.3566243474867792
2019-05-22,836.0,1.0501277356471734
2019-05-23,666.0,0.8365850142835138
2019-05-24,575.0,0.722276851671202
2019-05-25,513.0,0.6443965650562201
2019-05-26,466.0,0.5853582832674437
2019-05-27,432.0,0.5426497389947117
2019-05-28,406.0,0.5099902639626226
2019-05-29,385.0,0.48361145720593524
2019-05-30,363.0,0.4559765167941674
2019-05-31,344.0,0.43210997734764084
2019-06-01,329.0,0.41326797252143554
2019-06-02,313.0,0.3931698340401499
2019-06-03,299.0,0.375583962869025
2019-06-04,286.0,0.35925422535298046
2019-06-05,277.0,0.3479490224572573
2019-06-06,320.0,0.40196276962571237
2019-06-07,585.0,0.7348381882220055
2019-06-08,883.0,1.1091660174359501
2019-06-09,611.0,0.7674976632540946
2019-06-10,438.0,0.5501865409251938
2019-06-11,363.0,0.4559765167941674
2019-06-12,323.0,0.4057311705909534
2019-06-13,300.0,0.3768400965241054
2019-06-14,280.0,0.35171742342249834
2019-06-15,263.0,0.33036315128613236
2019-06-16,258.0,0.3240824830107306
2019-06-17,267.0,0.33538768590645374
2019-06-18,351.0,0.4409029129332033
2019-06-19,473.0,0.594151218853006
2019-06-20,388.0,0.4873798581711763
2019-06-21,359.0,0.4509519821738461
2019-06-22,297.0,0.37307169555886427
2019-06-23,260.0,0.3265947503208913
2019-06-24,243.0,0.3052404781845254
2019-06-25,244.0,0.30649661183960564
2019-06-26,247.0,0.31026501280484675
2019-06-27,245.0,0.30775274549468606
2019-06-28,266.0,0.3341315522513734
2019-06-29,247.0,0.31026501280484675
2019-06-30,229.0,0.2876546070134004
2019-07-01,220.0,0.2763494041176773
2019-07-02,209.0,0.26253193391179336
2019-07-03,204.0,0.25625126563639167
2019-07-04,199.0,0.2499705973609899
2019-07-05,188.0,0.236153127155106
2019-07-06,184.0,0.23112859253478463
2019-07-07,178.0,0.2235917906043025
2019-07-08,173.0,0.21731112232890076
2019-07-09,174.0,0.21856725598398108
2019-07-10,171.0,0.21479885501874008
2019-07-11,177.0,0.22233565694922214
2019-07-12,174.0,0.21856725598398108
2019-07-13,169.0,0.21228658770857933
2019-07-14,766.0,0.9621983797915491
2019-07-15,5310.0,6.670069708476666
2019-07-16,5830.0,7.323259209118447
2019-07-17,6550.0,8.2276754407763
2019-07-18,4410.0,5.5395494189043495
2019-07-19,1220.0,1.5324830591980285
2019-07-20,639.0,0.8026694055963444
2019-07-21,1330.0,1.6706577612568672
2019-07-22,1040.0,1.3063790012835652
2019-07-23,590.0,0.7411188564974072
2019-07-24,534.0,0.6707753718129075
2019-07-25,449.0,0.5640040111310777
2019-07-26,392.0,0.49240439279149767
2019-07-27,353.0,0.4434151802433639
2019-07-28,327.0,0.41075570521127486
2019-07-29,305.0,0.38312076479950713
2019-07-30,289.0,0.3630226263182215
2019-07-31,285.0,0.35799809169790003
2019-08-01,271.0,0.3404122205267751
2019-08-02,266.0,0.3341315522513734
2019-08-03,542.0,0.6808244410535502
2019-08-04,410.0,0.515014798582944
2019-08-05,502.0,0.6305790948503363
2019-08-06,356.0,0.447183581208605
2019-08-07,293.0,0.3680471609385429
2019-08-08,289.0,0.3630226263182215
2019-08-09,274.0,0.34418062149201617
2019-08-10,284.0,0.3567419580428198
2019-08-11,728.0,0.9144653008984956
2019-08-12,683.0,0.8579392864198797
2019-08-13,512.0,0.6431404314011397
2019-08-14,466.0,0.5853582832674437
2019-08-15,436.0,0.5476742736150331
2019-08-16,338.0,0.42457317541715867
2019-08-17,285.0,0.35799809169790003
2019-08-18,263.0,0.33036315128613236
2019-08-19,288.0,0.36176649266314115
2019-08-20,376.0,0.472306254310212
2019-08-21,371.0,0.46602558603481026
2019-08-22,445.0,0.5589794765107562
2019-08-23,345.0,0.43336611100272115
2019-08-24,329.0,0.41326797252143554
2019-08-25,311.0,0.3906575667299892
2019-08-26,865.0,1.0865556116445039
2019-08-27,2980.0,3.7432782921394465
2019-08-28,3310.0,4.157802398315962
2019-08-29,3260.0,4.094995715561946
2019-08-30,1990.0,2.4997059736098985
2019-08-31,767.0,0.9634545134466294
2019-09-01,503.0,0.6318352285054166
2019-09-02,409.0,0.5137586649278635
2019-09-03,357.0,0.44843971486368533
2019-09-04,322.0,0.4044750369358731
2019-09-05,297.0,0.37307169555886427
2019-09-06,280.0,0.35171742342249834
2019-09-07,266.0,0.3341315522513734
2019-09-08,253.0,0.3178018147353288
2019-09-09,251.0,0.3152895474251681
2019-09-10,292.0,0.36679102728346247
2019-09-11,269.0,0.3378999532166144
2019-09-12,250.0,0.3140334137700878
2019-09-13,242.0,0.303984344529445
2019-09-14,233.0,0.29267914163372183
2019-09-15,222.0,0.278861671427838
2019-09-16,214.0,0.2688126021871951
2019-09-17,207.0,0.26001966660163267
2019-09-18,202.0,0.2537389983262309
2019-09-19,199.0,0.2499705973609899
2019-09-20,201.0,0.2524828646711506
2019-09-21,193.0,0.24243379543050778
2019-09-22,188.0,0.236153127155106
2019-09-23,185.0,0.232384726189865
2019-09-24,183.0,0.22987245887970426
2019-09-25,180.0,0.22610405791446322
2019-09-26,176.0,0.2210795232941418
2019-09-27,171.0,0.21479885501874008
2019-09-28,166.0,0.2085181867433383
2019-09-29,163.0,0.20474978577809724
2019-09-30,162.0,0.20349365212301693
2019-10-01,159.0,0.19972525115777584
2019-10-02,157.0,0.19721298384761513
2019-10-03,156.0,0.1959568501925348
2019-10-04,181.0,0.22736019156954357
2019-10-05,182.0,0.2286163252246239
2019-10-06,167.0,0.20977432039841865
2019-10-07,168.0,0.21103045405349896
2019-10-08,169.0,0.21228658770857933
2019-10-09,163.0,0.20474978577809724
2019-10-10,159.0,0.19972525115777584
2019-10-11,172.0,0.21605498867382042
2019-10-12,216.0,0.27132486949735585
2019-10-13,179.0,0.22484792425938283
2019-10-14,169.0,0.21228658770857933
2019-10-15,345.0,0.43336611100272115
2019-10-16,2530.0,3.178018147353289
2019-10-17,1900.0,2.3866539446526676
2019-10-18,1570.0,1.9721298384761514
2019-10-19,800.0,1.004906924064281
2019-10-20,458.0,0.5753092140268008
2019-10-21,389.0,0.4886359918262566
2019-10-22,481.0,0.6042002880936489
2019-10-23,445.0,0.5589794765107562
2019-10-24,410.0,0.515014798582944
2019-10-25,666.0,0.8365850142835138
2019-10-26,4360.0,5.476742736150331
2019-10-27,5230.0,6.569579016070237
2019-10-28,5610.0,7.0469098050007695
2019-10-29,3670.0,4.610010514144888
2019-10-30,3850.0,4.836114572059352
2019-10-31,5550.0,6.971541785695949
2019-11-01,6330.0,7.951326036658622
2019-11-02,6560.0,8.240236777327103
2019-11-03,4940.0,6.205300256096935
2019-11-04,2380.0,2.989598099091236
2019-11-05,1520.0,1.909323155722134
2019-11-06,857.0,1.076506542403861
2019-11-07,678.0,0.8516586181444782
2019-11-08,596.0,0.7486556584278894
2019-11-09,565.0,0.7097155151203983
2019-11-10,538.0,0.6757999064332288
2019-11-11,504.0,0.633091362160497
2019-11-12,550.0,0.6908735102941931
2019-11-13,622.0,0.7813151334599784
2019-11-14,707.0,0.8880864941418083
2019-11-15,671.0,0.8428656825589157
2019-11-16,562.0,0.7059471141551573
2019-11-17,501.0,0.629322961195256
2019-11-18,465.0,0.5841021496123633
2019-11-19,439.0,0.5514426745802742
2019-11-20,417.0,0.5238077341685065
2019-11-21,396.0,0.49742892741181904
2019-11-22,386.0,0.48486759086101555
2019-11-23,465.0,0.5841021496123633
2019-11-24,938.0,1.1782533684653695
2019-11-25,1080.0,1.3566243474867792
2019-11-26,901.0,1.1317764232273964
2019-11-27,681.0,0.8554270191097192
2019-11-28,589.0,0.7398627228423269
2019-11-29,986.0,1.2385477839092265
2019-11-30,728.0,0.9144653008984956
2019-12-01,558.0,0.7009225795348359
2019-12-02,486.0,0.6104809563690508
2019-12-03,446.0,0.5602356101658366
2019-12-04,427.0,0.53636907071931
2019-12-05,412.0,0.5175270658931047
2019-12-06,400.0,0.5024534620321405
2019-12-07,467.0,0.586614416922524
2019-12-08,736.0,0.9245143701391385
2019-12-09,836.0,1.0501277356471734
2019-12-10,698.0,0.8767812912460852
2019-12-11,1470.0,1.846516472968116
2019-12-12,2600.0,3.265947503208913
2019-12-13,2380.0,2.989598099091236
2019-12-14,1570.0,1.9721298384761514
2019-12-15,976.0,1.2259864473584225
2019-12-16,780.0,0.9797842509626739
2019-12-17,5820.0,7.310697872567644
2019-12-18,4950.0,6.217861592647738
2019-12-19,3810.0,4.785869225856138
2019-12-20,2410.0,3.027282108743646
2019-12-21,1660.0,2.0851818674333833
2019-12-22,1570.0,1.9721298384761514
2019-12-23,4070.0,5.112463976177029
2019-12-24,4810.0,6.04200288093649
2019-12-25,4220.0,5.300884024439082
2019-12-26,2720.0,3.4166835418185557
2019-12-27,1670.0,2.097743203984187
2019-12-28,1110.0,1.3943083571391897
2019-12-29,985.0,1.2372916502541458
2019-12-30,1210.0,1.5199217226472248
2019-12-31,1240.0,1.5576057322996355
2020-01-01,1120.0,1.4068696936899934
2020-01-02,2060.0,2.5876353294655234
2020-01-03,8040.0,10.099314586846024
2020-01-04,9420.0,11.832779030856909
2020-01-05,11300.0,14.194310302407969
2020-01-06,7000.0,8.792935585562457
2020-01-07,3170.0,3.9819436866047133
2020-01-08,1930.0,2.4243379543050776
2020-01-09,1120.0,1.4068696936899934
2020-01-10,990.0,1.2435723185295477
2020-01-11,3830.0,4.810991898957746
2020-01-12,6940.0,8.717567566257637
2020-01-13,6760.0,8.491463508343175
2020-01-14,8180.0,10.275173298557275
2020-01-15,13200.0,16.580964247060635
2020-01-16,15900.0,19.972525115777582
2020-01-17,17300.0,21.731112232890073
2020-01-18,10900.0,13.691856840375829
2020-01-19,4840.0,6.079686890588899
2020-01-20,3640.0,4.572326504492478
2020-01-21,2780.0,3.4920515611233762
2020-01-22,1920.0,2.4117766177542745
2020-01-23,1390.0,1.7460257805616881
2020-01-24,1390.0,1.7460257805616881
2020-01-25,1510.0,1.8967618191713302
2020-01-26,1460.0,1.833955136417313
2020-01-27,1240.0,1.5576057322996355
2020-01-28,1070.0,1.3440630109359757
2020-01-29,1180.0,1.4822377129948143
2020-01-30,2090.0,2.6253193391179335
2020-01-31,1970.0,2.4745833005082916
2020-02-01,1550.0,1.947007165374544
2020-02-02,1100.0,1.3817470205883862
2020-02-03,904.0,1.1355448241926376
2020-02-04,804.0,1.0099314586846024
2020-02-05,1010.0,1.2686949916311547
2020-02-06,9170.0,11.51874561708682
2020-02-07,12100.0,15.19921722647225
2020-02-08,14400.0,18.088324633157054
2020-02-09,10200.0,12.812563281819582
2020-02-10,3930.0,4.93660526446578
2020-02-11,4090.0,5.137586649278638
2020-02-12,5180.0,6.50677233331622
2020-02-13,6790.0,8.529147517995584
2020-02-14,6690.0,8.40353415248755
2020-02-15,5320.0,6.682631045027469
2020-02-16,3350.0,4.208047744519176
2020-02-17,2350.0,2.951914089438825
2020-02-18,1760.0,2.210795232941418
2020-02-19,1810.0,2.2736019156954357
2020-02-20,7660.0,9.621983797915492
2020-02-21,12100.0,15.19921722647225
2020-02-22,13800.0,17.334644440108846
2020-02-23,12100.0,15.19921722647225
2020-02-24,4520.0,5.677724120963187
2020-02-25,3120.0,3.9191370038506954
2020-02-26,2330.0,2.9267914163372177
2020-02-27,1970.0,2.4745833005082916
2020-02-28,1500.0,1.8842004826205268
2020-02-29,1210.0,1.5199217226472248
2020-03-01,1030.0,1.2938176647327617
2020-03-02,939.0,1.1795095021204496
2020-03-03,917.0,1.1518745617086819
2020-03-04,3700.0,4.647694523797299
2020-03-05,10200.0,12.812563281819582
2020-03-06,12100.0,15.19921722647225
2020-03-07,14900.0,18.71639146069723
2020-03-08,8860.0,11.129344184011911
2020-03-09,3340.0,4.195486407968374
2020-03-10,2170.0,2.725810031524362
2020-03-11,1680.0,2.11030454053499
2020-03-12,1500.0,1.8842004826205268
2020-03-13,1310.0,1.6455350881552597
2020-03-14,1080.0,1.3566243474867792
2020-03-15,941.0,1.1820217694306105
2020-03-16,838.0,1.0526400029573344
2020-03-17,770.0,0.9672229144118705
2020-03-18,721.0,0.9056723653129332
2020-03-19,680.0,0.8541708854546389
2020-03-20,646.0,0.8114623411819069
2020-03-21,720.0,0.9044162316578529
2020-03-22,1180.0,1.4822377129948143
2020-03-23,1600.0,2.009813848128562
2020-03-24,1630.0,2.047497857780973
2020-03-25,1210.0,1.5199217226472248
2020-03-26,852.0,1.0702258741284592
2020-03-27,688.0,0.8642199546952817
2020-03-28,595.0,0.747399524772809
2020-03-29,537.0,0.6745437727781486
2020-03-30,492.0,0.6180177582995328
2020-03-31,681.0,0.8554270191097192
2020-04-01,751.0,0.9433563749653437
2020-04-02,550.0,0.6908735102941931
2020-04-03,484.0,0.60796868905889
2020-04-04,441.0,0.5539549418904348
2020-04-05,417.0,0.5238077341685065
2020-04-06,398.0,0.4999411947219798
2020-04-07,383.0,0.48109918989577455
2020-04-08,382.0,0.4798430562406941
2020-04-09,370.0,0.46476945237973
2020-04-10,349.0,0.4383906456230426
2020-04-11,325.0,0.4082434379011141
2020-04-12,389.0,0.4886359918262566
2020-04-13,1930.0,2.4243379543050776
2020-04-14,1530.0,1.9218844922729372
2020-04-15,1410.0,1.7711484536632953
2020-04-16,791.0,0.9936017211685576
2020-04-17,492.0,0.6180177582995328
2020-04-18,414.0,0.5200393332032653
2020-04-19,460.0,0.5778214813369614
2020-04-20,4250.0,5.338568034091493
2020-04-21,4160.0,5.225516005134261
2020-04-22,3870.0,4.861237245160959
2020-04-23,7090.0,8.90598761451969
2020-04-24,10500.0,13.189403378343687
2020-04-25,14300.0,17.96271126764902
2020-04-26,13000.0,16.329737516044567
2020-04-27,3780.0,4.748185216203727
2020-04-28,1990.0,2.4997059736098985
2020-04-29,1090.0,1.3691856840375827
2020-04-30,871.0,1.0940924135749859
2020-05-01,709.0,0.8905987614519689
2020-05-02,609.0,0.7649853959439338
2020-05-03,536.0,0.6732876391230683
2020-05-04,487.0,0.611737090024131
2020-05-05,450.0,0.5652601447861579
2020-05-06,420.0,0.5275761351337475
2020-05-07,388.0,0.4873798581711763
2020-05-08,381.0,0.4785869225856138
2020-05-09,441.0,0.5539549418904348
2020-05-10,408.0,0.5125025312727833
2020-05-11,371.0,0.46602558603481026
2020-05-12,343.0,0.4308538436925604
2020-05-13,318.0,0.3994505023155517
2020-05-14,333.0,0.4182925071417569
2020-05-15,490.0,0.6155054909893721
2020-05-16,494.0,0.6205300256096935
2020-05-17,392.0,0.49240439279149767
2020-05-18,344.0,0.43210997734764084
2020-05-19,312.0,0.3919137003850696
2020-05-20,290.0,0.3642787599733018
2020-05-21,272.0,0.3416683541818555
2020-05-22,281.0,0.35297355707757866
2020-05-23,292.0,0.36679102728346247
2020-05-24,388.0,0.4873798581711763
2020-05-25,349.0,0.4383906456230426
2020-05-26,319.0,0.4007066359706321
2020-05-27,470.0,0.5903828178877649
2020-05-28,543.0,0.6820805747086307
2020-05-29,551.0,0.6921296439492736
2020-05-30,394.0,0.4949166601016583
2020-05-31,308.0,0.38688916576474813
2020-06-01,265.0,0.33287541859629305
2020-06-02,238.0,0.29895980990912363
2020-06-03,231.0,0.29016687432356114
2020-06-04,769.0,0.9659667807567901
2020-06-05,464.0,0.5828460159572829
2020-06-06,307.0,0.38563303210966776
2020-06-07,331.0,0.4157802398315962
2020-06-08,4640.0,5.8284601595728285
2020-06-09,4910.0,6.167616246444523
2020-06-10,4620.0,5.803337486471222
2020-06-11,4010.0,5.037095956872208
2020-06-12,2330.0,2.9267914163372177
2020-06-13,1060.0,1.3315016743851722
2020-06-14,642.0,0.8064378065615855
2020-06-15,524.0,0.658214035262104
2020-06-16,456.0,0.57279694671664
2020-06-17,411.0,0.5162709322380243
2020-06-18,382.0,0.4798430562406941
2020-06-19,360.0,0.45220811582892645
2020-06-20,340.0,0.42708544272731946
2020-06-21,322.0,0.4044750369358731
2020-06-22,309.0,0.3881452994198285
2020-06-23,304.0,0.38186463114442676
2020-06-24,773.0,0.9709913153771115
2020-06-25,1200.0,1.5073603860964215
2020-06-26,1230.0,1.5450443957488318
2020-06-27,874.0,1.0978608145402269
2020-06-28,575.0,0.722276851671202
2020-06-29,456.0,0.57279694671664
2020-06-30,396.0,0.49742892741181904
2020-07-01,365.0,0.45848878410432825
2020-07-02,408.0,0.5125025312727833
2020-07-03,630.0,0.7913642027006211
2020-07-04,1180.0,1.4822377129948143
2020-07-05,1160.0,1.4571150398932071
2020-07-06,1530.0,1.9218844922729372
2020-07-07,2350.0,2.951914089438825
2020-07-08,3020.0,3.7935236383426605
2020-07-09,3130.0,3.9316983404014993
2020-07-10,1690.0,2.1228658770857938
2020-07-11,963.0,1.209656709842378
2020-07-12,657.0,0.8252798113877908
2020-07-13,522.0,0.6557017679519433
2020-07-14,450.0,0.5652601447861579
2020-07-15,428.0,0.5376252043743902
2020-07-16,460.0,0.5778214813369614
2020-07-17,626.0,0.7863396680802998
2020-07-18,584.0,0.7335820545669249
2020-07-19,447.0,0.561491743820917
2020-07-20,382.0,0.4798430562406941
2020-07-21,343.0,0.4308538436925604
2020-07-22,319.0,0.4007066359706321
2020-07-23,303.0,0.38060849748934644
2020-07-24,302.0,0.379352363834266
2020-07-25,360.0,0.45220811582892645
2020-07-26,400.0,0.5024534620321405
2020-07-27,360.0,0.45220811582892645
2020-07-28,366.0,0.4597449177594085
2020-07-29,367.0,0.4610010514144889
2020-07-30,361.0,0.45346424948400677
2020-07-31,333.0,0.4182925071417569
2020-08-01,301.0,0.3780962301791857
2020-08-02,280.0,0.35171742342249834
2020-08-03,272.0,0.3416683541818555
2020-08-04,263.0,0.33036315128613236
2020-08-05,253.0,0.3178018147353288
2020-08-06,245.0,0.30775274549468606
2020-08-07,238.0,0.29895980990912363
2020-08-08,232.0,0.29142300797864146
2020-08-09,226.0,0.2838862060481594
2020-08-10,222.0,0.278861671427838
2020-08-11,219.0,0.2750932704625969
2020-08-12,393.0,0.493660526446578
2020-08-13,499.0,0.6268106938850952
2020-08-14,374.0,0.4697939870000513
2020-08-15,691.0,0.8679883556605227
2020-08-16,495.0,0.6217861592647739
2020-08-17,442.0,0.5552110755455152
2020-08-18,371.0,0.46602558603481026
2020-08-19,302.0,0.379352363834266
2020-08-20,301.0,0.3780962301791857
2020-08-21,673.0,0.8453779498690763
2020-08-22,653.0,0.8202552767674692
2020-08-23,466.0,0.5853582832674437
2020-08-24,388.0,0.4873798581711763
2020-08-25,1710.0,2.1479885501874008
2020-08-26,3070.0,3.856330321096678
2020-08-27,1400.0,1.7585871171124916
2020-08-28,3920.0,4.924043927914977
2020-08-29,4160.0,5.225516005134261
2020-08-30,1310.0,1.6455350881552597
2020-08-31,821.0,1.0312857308209682
2020-09-01,905.0,1.1368009578477178
2020-09-02,581.0,0.7298136536016839
2020-09-03,444.0,0.557723342855676
2020-09-04,372.0,0.46728171968989063
2020-09-05,329.0,0.41326797252143554
2020-09-06,302.0,0.379352363834266
2020-09-07,282.0,0.3542296907326591
2020-09-08,268.0,0.33664381956153416
2020-09-09,256.0,0.3215702157005699
2020-09-10,245.0,0.30775274549468606
2020-09-11,241.0,0.3027282108743647
2020-09-12,280.0,0.35171742342249834
2020-09-13,318.0,0.3994505023155517
2020-09-14,283.0,0.3554858243877394
2020-09-15,255.0,0.3203140820454895
2020-09-16,242.0,0.303984344529445
2020-09-17,235.0,0.29519140894388246
2020-09-18,225.0,0.28263007239307897
2020-09-19,217.0,0.2725810031524362
2020-09-20,211.0,0.26504420122195405
2020-09-21,206.0,0.25876353294655235
2020-09-22,201.0,0.2524828646711506
2020-09-23,201.0,0.2524828646711506
2020-09-24,233.0,0.29267914163372183
2020-09-25,260.0,0.3265947503208913
2020-09-26,243.0,0.3052404781845254
2020-09-27,241.0,0.3027282108743647
2020-09-28,226.0,0.2838862060481594
2020-09-29,216.0,0.27132486949735585
2020-09-30,205.0,0.257507399291472
2020-10-01,196.0,0.24620219639574883
2020-10-02,189.0,0.23740926081018637
2020-10-03,184.0,0.23112859253478463
2020-10-04,182.0,0.2286163252246239
2020-10-05,177.0,0.22233565694922214
2020-10-06,175.0,0.21982338963906145
2020-10-07,175.0,0.21982338963906145
2020-10-08,174.0,0.21856725598398108
2020-10-09,217.0,0.2725810031524362
2020-10-10,268.0,0.33664381956153416
2020-10-11,285.0,0.35799809169790003
2020-10-12,243.0,0.3052404781845254
2020-10-13,219.0,0.2750932704625969
2020-10-14,198.0,0.24871446370590952
2020-10-15,186.0,0.23364085984494531
2020-10-16,179.0,0.22484792425938283
2020-10-17,174.0,0.21856725598398108
2020-10-18,170.0,0.21354272136365973
2020-10-19,168.0,0.21103045405349896
2020-10-20,167.0,0.20977432039841865
2020-10-21,164.0,0.2060059194331776
2020-10-22,162.0,0.20349365212301693
2020-10-23,165.0,0.20726205308825793
2020-10-24,189.0,0.23740926081018637
2020-10-25,285.0,0.35799809169790003
2020-10-26,270.0,0.3391560868716948
2020-10-27,270.0,0.3391560868716948
2020-10-28,605.0,0.7599608613236124
2020-10-29,3740.0,4.697939870000513
2020-10-30,3480.0,4.371345119679622
2020-10-31,2200.0,2.7634940411767723
2020-11-01,1330.0,1.6706577612568672
2020-11-02,638.0,0.8014132719412642
2020-11-03,457.0,0.5740530803717205
2020-11-04,387.0,0.48612372451609587
2020-11-05,347.0,0.4358783783128819
2020-11-06,321.0,0.40321890328079274
2020-11-07,304.0,0.38186463114442676
2020-11-08,291.0,0.3655348936283822
2020-11-09,282.0,0.3542296907326591
2020-11-10,276.0,0.34669288880217686
2020-11-11,276.0,0.34669288880217686
2020-11-12,275.0,0.34543675514709654
2020-11-13,266.0,0.3341315522513734
2020-11-14,257.0,0.3228263493556503
2020-11-15,251.0,0.3152895474251681
2020-11-16,243.0,0.3052404781845254
2020-11-17,235.0,0.29519140894388246
2020-11-18,232.0,0.29142300797864146
2020-11-19,229.0,0.2876546070134004
2020-11-20,228.0,0.28639847335832
2020-11-21,236.0,0.2964475425989629
2020-11-22,228.0,0.28639847335832
2020-11-23,224.0,0.28137393873799865
2020-11-24,221.0,0.2776055377727576
2020-11-25,238.0,0.29895980990912363
2020-11-26,296.0,0.37181556190378395
2020-11-27,307.0,0.38563303210966776
2020-11-28,571.0,0.7172523170508804
2020-11-29,1110.0,1.3943083571391897
2020-11-30,2790.0,3.50461289767418
2020-12-01,2770.0,3.4794902245725727
2020-12-02,2170.0,2.725810031524362
2020-12-03,1140.0,1.4319923667916001
2020-12-04,773.0,0.9709913153771115
2020-12-05,835.0,1.0488716019920934
2020-12-06,746.0,0.937075706689942
2020-12-07,651.0,0.8177430094573086
2020-12-08,542.0,0.6808244410535502
2020-12-09,471.0,0.5916389515428454
2020-12-10,425.0,0.5338568034091492
2020-12-11,395.0,0.49617279375673873
2020-12-12,378.0,0.47481852162037275
2020-12-13,424.0,0.532600669754069
2020-12-14,626.0,0.7863396680802998
2020-12-15,976.0,1.2259864473584225
2020-12-16,1250.0,1.570167068850439
2020-12-17,926.0,1.163179764604405
2020-12-18,752.0,0.944612508620424
2020-12-19,655.0,0.8227675440776299
2020-12-20,553.0,0.6946419112594342
2020-12-21,505.0,0.6343474958155774
2020-12-22,467.0,0.586614416922524
2020-12-23,434.0,0.5451620063048724
2020-12-24,892.0,1.1204712203316731
2020-12-25,2600.0,3.265947503208913
2020-12-26,3250.0,4.082434379011142
2020-12-27,2440.0,3.064966118396057
2020-12-28,1270.0,1.595289741952046
2020-12-29,753.0,0.9458686422755045
2020-12-30,616.0,0.7737783315294963
2020-12-31,550.0,0.6908735102941931
