date,precip_mm,tmax_c,tmin_c,tmean_c
2019-01-01,0.0,16.7,10.6,13.649999999999999
2019-01-02,69.3,10.6,8.3,9.45
2019-01-03,43.7,12.8,8.9,10.850000000000001
2019-01-04,1.5,12.8,6.1,9.45
2019-01-05,0.0,16.7,3.3,10.0
2019-01-06,0.0,20.6,1.7,11.15
2019-01-07,0.0,21.1,5.6,13.350000000000001
2019-01-08,0.0,25.0,10.6,17.8
2019-01-09,0.0,13.3,2.8,8.05
2019-01-10,0.0,11.7,0.6,6.1499999999999995
2019-01-11,0.0,15.0,-0.5,7.25
2019-01-12,14.2,15.6,7.8,11.7
2019-01-13,0.0,8.3,4.4,6.3500000000000005
2019-01-14,0.0,6.7,3.9,5.3
2019-01-15,0.0,8.3,2.2,5.25
2019-01-16,0.0,12.8,-0.5,6.15
2019-01-17,1.5,14.4,8.3,11.350000000000001
2019-01-18,0.0,17.2,10.0,13.6
2019-01-19,22.4,18.3,1.7,10.0
2019-01-20,0.0,6.1,-2.1,1.9999999999999998
2019-01-21,0.0,11.7,-2.7,4.5
2019-01-22,0.0,16.7,3.9,10.299999999999999
2019-01-23,10.7,18.3,1.1,9.700000000000001
2019-01-24,0.0,10.6,-1.0,4.8
2019-01-25,0.0,12.2,-2.7,4.75
2019-01-26,0.0,16.1,-1.6,7.250000000000001
2019-01-27,0.0,16.7,2.8,9.75
2019-01-28,3.3,18.3,1.1,9.700000000000001
2019-01-29,6.4,8.9,-3.2,2.85
2019-01-30,0.0,8.9,-3.8,2.5500000000000003
2019-01-31,0.0,16.7,-2.1,7.3
2019-02-01,0.0,18.3,2.8,10.55
2019-02-02,0.0,20.0,1.7,10.85
2019-02-03,0.0,18.3,10.0,14.15
2019-02-04,0.0,22.8,12.8,17.8
2019-02-05,1.0,23.3,18.3,20.8
2019-02-06,0.0,26.7,19.4,23.049999999999997
2019-02-07,0.0,28.3,9.4,18.85
2019-02-08,0.0,9.4,0.6,5.0
2019-02-09,1.0,12.8,0.6,6.7
2019-02-10,0.0,18.9,6.1,12.5
2019-02-11,0.5,22.2,13.9,18.05
2019-02-12,20.3,19.4,2.8,11.1
2019-02-13,0.0,17.2,0.0,8.6
2019-02-14,0.0,20.0,6.7,13.35
2019-02-15,0.0,20.6,13.3,16.950000000000003
2019-02-16,0.0,19.4,5.6,12.5
2019-02-17,6.1,20.0,7.2,13.6
2019-02-18,0.0,13.3,3.9,8.6
2019-02-19,11.2,12.2,5.6,8.899999999999999
2019-02-20,11.2,21.1,11.1,16.1
2019-02-21,3.8,12.2,9.4,10.8
2019-02-22,1.0,22.8,9.4,16.1
2019-02-23,8.9,28.3,16.1,22.200000000000003
2019-02-24,0.0,16.1,5.6,10.850000000000001
2019-02-25,0.0,16.1,2.8,9.450000000000001
2019-02-26,0.0,19.4,7.8,13.6
2019-02-27,5.8,26.7,11.7,19.2
2019-02-28,1.0,23.9,16.7,20.299999999999997
2019-03-01,1.3,17.2,8.9,13.05
2019-03-02,0.8,13.9,10.0,11.95
2019-03-03,21.8,16.1,2.8,9.450000000000001
2019-03-04,0.0,3.9,-1.6,1.15
2019-03-05,0.0,8.3,-3.2,2.5500000000000003
2019-03-06,0.0,11.1,-4.9,3.0999999999999996
2019-03-07,0.0,15.6,-1.6,7.0
2019-03-08,0.0,23.3,13.3,18.3
2019-03-09,0.0,26.7,18.9,22.799999999999997
2019-03-10,8.4,23.9,15.6,19.75
2019-03-11,45.7,17.8,10.0,13.9
2019-03-12,0.0,20.6,10.0,15.3
2019-03-13,0.0,25.0,13.9,19.45
2019-03-14,0.0,27.8,16.7,22.25
2019-03-15,0.0,16.7,10.6,13.649999999999999
2019-03-16,0.0,15.0,7.8,11.4
2019-03-17,0.0,19.4,5.0,12.2
2019-03-18,0.0,20.0,3.3,11.65
2019-03-19,0.0,18.3,3.9,11.1
2019-03-20,0.0,21.7,0.6,11.15
2019-03-21,0.0,21.7,4.4,13.05
2019-03-22,0.0,22.2,2.8,12.5
2019-03-23,0.0,24.4,3.3,13.85
2019-03-24,0.0,24.4,8.9,16.65
2019-03-25,18.0,25.6,12.8,19.200000000000003
2019-03-26,0.0,18.3,8.3,13.3
2019-03-27,0.0,22.8,2.8,12.8
2019-03-28,0.0,24.4,5.6,15.0
2019-03-29,0.0,24.4,8.9,16.65
2019-03-30,2.5,25.0,8.9,16.95
2019-03-31,0.0,13.3,5.6,9.45
2019-04-01,0.0,15.6,2.8,9.2
2019-04-02,0.0,19.4,2.2,10.799999999999999
2019-04-03,0.0,23.9,2.8,13.35
2019-04-04,23.1,15.6,11.1,13.35
2019-04-05,0.0,25.0,15.0,20.0
2019-04-06,10.9,24.4,13.9,19.15
2019-04-07,11.9,28.3,16.7,22.5
2019-04-08,10.4,28.3,17.2,22.75
2019-04-09,1.0,27.2,14.4,20.8
2019-04-10,0.0,30.6,11.1,20.85
2019-04-11,0.0,29.4,15.6,22.5
2019-04-12,18.8,22.8,13.3,18.05
2019-04-13,71.9,25.0,15.6,20.3
2019-04-14,0.0,18.9,6.1,12.5
2019-04-15,0.0,23.3,5.0,14.15
2019-04-16,0.0,26.7,8.3,17.5
2019-04-17,0.0,25.6,14.4,20.0
2019-04-18,41.1,25.6,12.8,19.200000000000003
2019-04-19,0.3,16.1,10.0,13.05
2019-04-20,0.0,21.1,7.8,14.450000000000001
2019-04-21,0.0,26.7,7.2,16.95
2019-04-22,0.0,27.2,8.3,17.75
2019-04-23,0.0,25.6,11.7,18.65
2019-04-24,0.0,28.3,14.4,21.35
2019-04-25,31.5,25.0,17.2,21.1
2019-04-26,0.0,25.6,10.6,18.1
2019-04-27,0.0,27.8,8.9,18.35
2019-04-28,0.0,28.9,13.3,21.1
2019-04-29,0.0,29.4,13.3,21.35
2019-04-30,0.0,31.1,16.1,23.6
2019-05-01,0.0,30.6,20.6,25.6
2019-05-02,0.0,30.0,18.9,24.45
2019-05-03,3.3,28.3,17.8,23.05
2019-05-04,16.5,23.3,17.8,20.55
2019-05-05,0.0,25.0,13.3,19.15
2019-05-06,0.0,28.9,12.2,20.549999999999997
2019-05-07,0.0,30.6,15.0,22.8
2019-05-08,21.6,29.4,17.8,23.6
2019-05-09,87.1,23.9,17.8,20.85
2019-05-10,10.7,22.8,16.7,19.75
2019-05-11,10.7,30.0,20.0,25.0
2019-05-12,0.3,26.1,15.6,20.85
2019-05-13,0.0,26.7,13.3,20.0
2019-05-14,0.0,27.8,11.7,19.75
2019-05-15,0.0,30.6,14.4,22.5
2019-05-16,0.0,31.7,16.7,24.2
2019-05-17,0.0,31.7,18.3,25.0
2019-05-18,0.3,32.2,18.3,25.25
2019-05-19,27.9,26.7,18.9,22.799999999999997
2019-05-20,0.0,32.2,20.0,26.1
2019-05-21,0.0,32.2,22.8,27.5
2019-05-22,0.0,32.8,22.8,27.799999999999997
2019-05-23,0.0,32.8,20.6,26.7
2019-05-24,0.0,31.7,21.7,26.7
2019-05-25,0.0,32.8,19.4,26.099999999999998
2019-05-26,0.0,33.3,18.9,26.099999999999998
2019-05-27,0.0,31.7,20.0,25.85
2019-05-28,0.0,32.8,22.8,27.799999999999997
2019-05-29,0.0,32.8,20.0,26.4
2019-05-30,0.0,31.1,21.1,26.1
2019-05-31,0.0,32.8,20.0,26.4
2019-06-01,0.0,33.9,17.8,25.85
2019-06-02,0.0,34.4,18.3,26.35
2019-06-03,0.0,35.6,20.0,27.8
2019-06-04,0.0,35.0,22.2,28.6
2019-06-05,5.8,27.8,21.1,24.450000000000003
2019-06-06,2.5,30.6,20.6,25.6
2019-06-07,29.5,31.7,20.0,25.85
2019-06-08,2.3,30.0,20.0,25.0
2019-06-09,0.0,30.0,19.4,24.7
2019-06-10,0.0,32.2,21.1,26.650000000000002
2019-06-11,0.0,27.8,18.3,23.05
2019-06-12,0.0,29.4,15.6,22.5
2019-06-13,0.0,30.0,15.6,22.8
2019-06-14,0.0,31.1,13.3,22.200000000000003
2019-06-15,0.0,32.8,20.0,26.4
2019-06-16,2.0,33.3,22.2,27.75
2019-06-17,9.1,32.2,20.6,26.400000000000002
2019-06-18,4.1,32.2,22.8,27.5
2019-06-19,1.0,33.3,22.2,27.75
2019-06-20,1.8,33.9,20.6,27.25
2019-06-21,0.0,33.9,25.0,29.45
2019-06-22,0.0,33.9,25.0,29.45
2019-06-23,0.3,35.0,26.1,30.55
2019-06-24,6.9,30.6,21.1,25.85
2019-06-25,5.8,31.1,20.6,25.85
2019-06-26,0.0,31.1,21.7,26.4
2019-06-27,1.3,35.0,20.0,27.5
2019-06-28,3.3,29.4,18.3,23.85
2019-06-29,0.3,32.8,18.3,25.549999999999997
2019-06-30,0.0,33.3,21.7,27.5
2019-07-01,0.0,34.4,21.7,28.049999999999997
2019-07-02,0.0,35.0,21.7,28.35
2019-07-03,0.0,33.9,23.3,28.6
2019-07-04,0.0,35.0,22.8,28.9
2019-07-05,0.0,36.7,22.8,29.75
2019-07-06,0.0,36.1,21.7,28.9
2019-07-07,1.5,36.1,22.2,29.15
2019-07-08,0.0,36.7,21.7,29.200000000000003
2019-07-09,0.0,37.2,23.3,30.25
2019-07-10,10.2,38.3,24.4,31.349999999999998
2019-07-11,9.7,35.6,23.3,29.450000000000003
2019-07-12,0.0,33.3,24.4,28.849999999999998
2019-07-13,4.8,29.4,23.3,26.35
2019-07-14,36.3,24.4,22.2,23.299999999999997
2019-07-15,32.0,31.1,22.8,26.950000000000003
2019-07-16,2.3,33.9,25.0,29.45
2019-07-17,0.0,33.3,23.9,28.599999999999998
2019-07-18,0.0,34.4,23.3,28.85
2019-07-19,0.0,33.9,24.4,29.15
2019-07-20,9.9,33.3,22.8,28.049999999999997
2019-07-21,0.0,31.7,22.8,27.25
2019-07-22,5.3,32.8,22.8,27.799999999999997
2019-07-23,15.0,29.4,20.0,24.7
2019-07-24,0.0,29.4,19.4,24.4
2019-07-25,0.0,31.1,18.9,25.0
2019-07-26,0.0,32.8,17.8,25.299999999999997
2019-07-27,0.0,33.9,20.6,27.25
2019-07-28,0.0,33.3,20.0,26.65
2019-07-29,7.1,32.8,20.6,26.7
2019-07-30,2.5,32.2,22.2,27.200000000000003
2019-07-31,1.5,33.3,21.1,27.2
2019-08-01,0.0,34.4,20.6,27.5
2019-08-02,0.0,33.3,21.7,27.5
2019-08-03,0.0,33.3,20.6,26.95
2019-08-04,3.6,33.9,21.7,27.799999999999997
2019-08-05,0.0,33.9,20.6,27.25
2019-08-06,0.0,36.1,22.2,29.15
2019-08-07,8.4,35.0,23.3,29.15
2019-08-08,7.1,33.9,23.9,28.9
2019-08-09,0.8,34.4,23.3,28.85
2019-08-10,2.5,33.9,24.4,29.15
2019-08-11,0.0,35.6,23.9,29.75
2019-08-12,0.0,35.6,24.4,30.0
2019-08-13,1.5,37.2,25.6,31.400000000000002
2019-08-14,0.0,32.2,25.6,28.900000000000002
2019-08-15,0.0,35.0,21.1,28.05
2019-08-16,0.0,35.6,19.4,27.5
2019-08-17,0.0,36.1,19.4,27.75
2019-08-18,1.0,32.8,22.8,27.799999999999997
2019-08-19,4.6,34.4,22.8,28.6
2019-08-20,0.0,33.9,21.7,27.799999999999997
2019-08-21,0.0,33.9,23.3,28.6
2019-08-22,1.8,32.2,22.8,27.5
2019-08-23,0.0,33.9,22.8,28.35
2019-08-24,0.3,33.3,22.8,28.049999999999997
2019-08-25,5.3,31.1,23.3,27.200000000000003
2019-08-26,73.9,29.4,23.3,26.35
2019-08-27,0.0,34.4,22.2,28.299999999999997
2019-08-28,0.0,33.3,21.1,27.2
2019-08-29,0.0,32.8,21.1,26.95
2019-08-30,0.0,33.9,18.9,26.4
2019-08-31,0.0,33.3,17.8,25.549999999999997
2019-09-01,0.0,33.9,20.6,27.25
2019-09-02,0.0,34.4,21.7,28.049999999999997
2019-09-03,0.0,35.0,21.1,28.05
2019-09-04,0.0,35.0,20.6,27.8
2019-09-05,0.0,36.1,20.6,28.35
2019-09-06,0.0,35.6,19.4,27.5
2019-09-07,0.0,37.2,22.8,30.0
2019-09-08,0.0,37.8,22.8,30.299999999999997
2019-09-09,1.0,36.7,22.2,29.450000000000003
2019-09-10,0.0,33.9,21.1,27.5
2019-09-11,0.0,35.0,21.1,28.05
2019-09-12,0.0,36.1,21.1,28.6
2019-09-13,0.0,37.8,21.1,29.45
2019-09-14,0.0,35.0,22.2,28.6
2019-09-15,0.0,35.0,22.8,28.9
2019-09-16,0.0,36.1,21.7,28.9
2019-09-17,0.0,36.7,20.6,28.650000000000002
2019-09-18,0.0,36.7,21.1,28.900000000000002
2019-09-19,5.3,35.0,21.7,28.35
2019-09-20,0.0,32.2,20.0,26.1
2019-09-21,0.0,32.8,17.2,25.0
2019-09-22,0.0,32.2,21.7,26.950000000000003
2019-09-23,0.0,33.3,20.6,26.95
2019-09-24,0.0,34.4,21.7,28.049999999999997
2019-09-25,0.0,35.0,21.7,28.35
2019-09-26,0.0,34.4,20.6,27.5
2019-09-27,0.0,34.4,20.6,27.5
2019-09-28,0.0,34.4,20.6,27.5
2019-09-29,0.0,35.6,19.4,27.5
2019-09-30,0.0,35.0,20.0,27.5
2019-10-01,0.0,36.1,19.4,27.75
2019-10-02,0.0,37.2,21.1,29.150000000000002
2019-10-03,1.3,36.7,22.2,29.450000000000003
2019-10-04,4.3,30.0,23.3,26.65
2019-10-05,0.0,33.9,21.7,27.799999999999997
2019-10-06,0.0,33.3,20.0,26.65
2019-10-07,0.0,28.3,18.3,23.3
2019-10-08,0.0,27.8,16.7,22.25
2019-10-09,0.0,31.7,15.6,23.65
2019-10-10,8.9,32.2,17.2,24.700000000000003
2019-10-11,26.2,31.7,13.3,22.5
2019-10-12,0.0,21.1,11.1,16.1
2019-10-13,0.0,19.4,10.6,15.0
2019-10-14,6.1,23.3,13.9,18.6
2019-10-15,109.7,20.6,18.9,19.75
2019-10-16,0.8,20.6,8.9,14.75
2019-10-17,0.0,18.9,7.8,13.35
2019-10-18,0.0,21.7,9.4,15.55
2019-10-19,0.0,25.6,11.1,18.35
2019-10-20,6.1,30.6,12.2,21.4
2019-10-21,26.4,22.8,16.7,19.75
2019-10-22,0.0,21.1,7.2,14.15
2019-10-23,0.0,23.3,5.6,14.45
2019-10-24,0.0,23.9,6.7,15.299999999999999
2019-10-25,47.8,19.4,14.4,16.9
2019-10-26,23.6,24.4,13.9,19.15
2019-10-27,0.0,16.1,13.3,14.700000000000001
2019-10-28,0.0,16.1,10.0,13.05
2019-10-29,1.3,22.2,9.4,15.8
2019-10-30,83.3,25.6,17.2,21.4
2019-10-31,26.7,21.7,2.8,12.25
2019-11-01,0.0,13.9,0.6,7.25
2019-11-02,0.0,17.8,1.7,9.75
2019-11-03,0.0,18.3,1.7,10.0
2019-11-04,0.0,19.4,4.4,11.899999999999999
2019-11-05,0.0,23.9,7.8,15.85
2019-11-06,0.0,25.6,7.8,16.7
2019-11-07,0.5,21.7,9.4,15.55
2019-11-08,0.0,10.0,1.7,5.85
2019-11-09,0.0,17.2,-1.0,8.1
2019-11-10,0.0,21.1,1.7,11.4
2019-11-11,14.0,22.8,4.4,13.600000000000001
2019-11-12,1.3,4.4,-3.2,0.6000000000000001
2019-11-13,0.0,8.9,-5.5,1.7000000000000002
2019-11-14,1.0,10.0,4.4,7.2
2019-11-15,0.0,14.4,1.1,7.75
2019-11-16,0.0,16.1,-1.0,7.550000000000001
2019-11-17,0.0,18.9,-2.1,8.399999999999999
2019-11-18,0.0,17.8,1.1,9.450000000000001
2019-11-19,0.0,24.4,2.2,13.299999999999999
2019-11-20,0.0,21.7,2.8,12.25
2019-11-21,0.0,23.3,4.4,13.850000000000001
2019-11-22,6.1,21.1,15.0,18.05
2019-11-23,4.6,20.0,3.9,11.95
2019-11-24,0.0,15.6,0.0,7.8
2019-11-25,0.0,18.9,2.2,10.549999999999999
2019-11-26,1.3,23.3,11.1,17.2
2019-11-27,0.3,22.8,10.0,16.4
2019-11-28,0.0,18.3,7.8,13.05
2019-11-29,0.0,25.0,6.7,15.85
2019-11-30,6.9,23.9,13.9,18.9
2019-12-01,0.0,17.8,6.7,12.25
2019-12-02,0.0,10.0,-1.0,4.5
2019-12-03,0.0,15.0,-2.7,6.15
2019-12-04,0.0,20.0,0.6,10.3
2019-12-05,0.0,19.4,3.3,11.35
2019-12-06,11.9,18.9,8.9,13.899999999999999
2019-12-07,0.0,14.4,7.2,10.8
2019-12-08,0.0,18.9,8.3,13.6
2019-12-09,10.4,23.9,12.2,18.049999999999997
2019-12-10,19.6,21.7,4.4,13.05
2019-12-11,0.0,12.2,0.6,6.3999999999999995
2019-12-12,0.0,12.8,-1.0,5.9
2019-12-13,0.0,15.0,5.6,10.3
2019-12-14,0.0,18.3,5.0,11.65
2019-12-15,0.0,22.2,6.1,14.149999999999999
2019-12-16,24.4,23.9,6.7,15.299999999999999
2019-12-17,0.3,6.7,0.0,3.35
2019-12-18,0.0,10.6,-2.7,3.9499999999999997
2019-12-19,0.0,12.2,-3.8,4.199999999999999
2019-12-20,0.0,13.9,-2.7,5.6
2019-12-21,15.2,11.7,7.8,9.75
2019-12-22,37.8,10.6,8.3,9.45
2019-12-23,0.8,13.9,10.0,11.95
2019-12-24,0.0,22.2,6.1,14.149999999999999
2019-12-25,0.0,21.7,6.1,13.899999999999999
2019-12-26,0.0,21.7,12.2,16.95
2019-12-27,2.5,22.2,15.0,18.6
2019-12-28,1.0,21.1,16.1,18.6
2019-12-29,23.6,23.3,10.6,16.95
2019-12-30,0.0,13.3,3.9,8.6
2019-12-31,0.0,14.4,0.6,7.5
2020-01-01,0.0,13.9,0.6,7.25
2020-01-02,105.4,20.6,9.4,15.0
2020-01-03,7.1,16.1,11.7,13.9
2020-01-04,0.0,14.4,1.1,7.75
2020-01-05,0.0,18.9,0.0,9.45
2020-01-06,0.0,20.6,5.6,13.100000000000001
2020-01-07,0.0,16.1,1.7,8.9
2020-01-08,0.0,18.3,-1.0,8.65
2020-01-09,0.0,21.7,3.3,12.5
2020-01-10,6.9,21.7,17.2,19.45
2020-01-11,46.0,22.8,7.8,15.3
2020-01-12,0.0,15.6,5.6,10.6
2020-01-13,8.6,18.3,8.3,13.3
2020-01-14,114.6,20.6,17.8,19.200000000000003
2020-01-15,0.0,25.0,16.7,20.85
2020-01-16,13.7,18.9,11.7,15.299999999999999
2020-01-17,0.0,16.7,8.9,12.8
2020-01-18,24.6,21.7,10.0,15.85
2020-01-19,0.0,10.6,1.7,6.1499999999999995
2020-01-20,0.0,7.2,-1.0,3.1
2020-01-21,0.0,6.1,-2.7,1.6999999999999997
2020-01-22,0.0,8.3,-1.6,3.3500000000000005
2020-01-23,15.5,13.9,4.4,9.15
2020-01-24,0.0,12.8,1.7,7.25
2020-01-25,0.0,14.4,-1.0,6.7
2020-01-26,2.3,11.1,4.4,7.75
2020-01-27,0.0,13.9,3.3,8.6
2020-01-28,1.3,16.7,0.6,8.65
2020-01-29,4.8,11.7,3.3,7.5
2020-01-30,0.0,12.8,1.7,7.25
2020-01-31,0.3,10.6,7.8,9.2
2020-02-01,0.0,13.9,2.2,8.05
2020-02-02,0.0,22.8,1.7,12.25
2020-02-03,0.0,23.3,8.3,15.8
2020-02-04,2.0,22.2,16.1,19.15
2020-02-05,20.8,23.3,9.4,16.35
2020-02-06,11.9,10.0,1.7,5.85
2020-02-07,0.0,12.2,-1.0,5.6
2020-02-08,0.0,16.7,2.8,9.75
2020-02-09,0.0,23.3,8.9,16.1
2020-02-10,28.2,23.3,16.1,19.700000000000003
2020-02-11,24.4,21.1,8.9,15.0
2020-02-12,50.5,25.6,10.0,17.8
2020-02-13,10.4,14.4,5.6,10.0
2020-02-14,0.0,10.6,0.6,5.6
2020-02-15,0.0,18.9,-0.5,9.2
2020-02-16,5.6,16.7,8.9,12.8
2020-02-17,0.5,18.9,12.2,15.549999999999999
2020-02-18,1.3,23.9,12.8,18.35
2020-02-19,12.7,13.9,8.3,11.100000000000001
2020-02-20,61.0,8.9,3.3,6.1
2020-02-21,0.0,8.9,0.0,4.45
2020-02-22,0.0,15.0,-2.1,6.45
2020-02-23,0.0,14.4,4.4,9.4
2020-02-24,10.2,17.2,11.7,14.45
2020-02-25,0.0,19.4,7.2,13.299999999999999
2020-02-26,2.8,11.7,5.0,8.35
2020-02-27,0.0,11.1,0.6,5.85
2020-02-28,0.0,15.0,-0.5,7.25
2020-02-29,0.0,21.7,0.6,11.15
2020-03-01,0.0,22.2,5.6,13.899999999999999
2020-03-02,1.5,23.3,14.4,18.85
2020-03-03,2.0,24.4,17.8,21.1
2020-03-04,48.0,18.9,11.1,15.0
2020-03-05,9.7,20.0,6.7,13.35
2020-03-06,0.0,16.7,6.7,11.7
2020-03-07,0.0,17.8,3.3,10.55
2020-03-08,0.0,21.7,3.9,12.799999999999999
2020-03-09,0.5,22.8,11.7,17.25
2020-03-10,7.1,26.1,16.7,21.4
2020-03-11,0.0,26.7,17.8,22.25
2020-03-12,0.0,27.8,16.7,22.25
2020-03-13,0.0,24.4,17.8,21.1
2020-03-14,0.0,26.7,16.1,21.4
2020-03-15,0.0,25.0,12.8,18.9
2020-03-16,0.0,26.7,12.2,19.45
2020-03-17,0.0,27.8,15.0,21.4
2020-03-18,0.0,27.8,18.3,23.05
2020-03-19,0.0,28.9,21.1,25.0
2020-03-20,8.6,28.3,16.7,22.5
2020-03-21,0.0,17.2,11.7,14.45
2020-03-22,26.4,23.3,10.6,16.95
2020-03-23,0.3,24.4,18.3,21.35
2020-03-24,0.0,27.2,17.2,22.2
2020-03-25,0.0,27.2,15.0,21.1
2020-03-26,0.0,31.1,13.3,22.200000000000003
2020-03-27,0.0,30.6,20.0,25.3
2020-03-28,10.7,30.0,20.6,25.3
2020-03-29,1.5,24.4,13.9,19.15
2020-03-30,0.0,24.4,13.9,19.15
2020-03-31,8.9,21.1,7.8,14.450000000000001
2020-04-01,0.0,23.3,5.6,14.45
2020-04-02,0.0,23.3,8.9,16.1
2020-04-03,0.0,24.4,13.9,19.15
2020-04-04,0.3,20.6,13.9,17.25
2020-04-05,0.0,27.2,13.9,20.55
2020-04-06,0.0,26.7,15.6,21.15
2020-04-07,0.0,27.2,18.9,23.049999999999997
2020-04-08,0.0,28.9,22.8,25.85
2020-04-09,0.0,27.2,18.3,22.75
2020-04-10,0.0,19.4,7.8,13.6
2020-04-11,0.0,24.4,5.6,15.0
2020-04-12,17.0,28.3,14.4,21.35
2020-04-13,0.0,14.4,6.7,10.55
2020-04-14,0.0,17.8,6.1,11.95
2020-04-15,0.0,17.8,5.0,11.4
2020-04-16,0.0,23.3,2.2,12.75
2020-04-17,0.0,25.6,7.2,16.400000000000002
2020-04-18,0.5,22.2,13.3,17.75
2020-04-19,65.0,24.4,15.6,20.0
2020-04-20,0.0,22.8,11.7,17.25
2020-04-21,0.0,27.8,9.4,18.6
2020-04-22,15.0,25.6,13.9,19.75
2020-04-23,47.8,26.7,13.9,20.3
2020-04-24,2.3,27.2,11.1,19.15
2020-04-25,1.0,23.9,14.4,19.15
2020-04-26,0.0,24.4,10.6,17.5
2020-04-27,0.0,25.0,9.4,17.2
2020-04-28,0.0,25.6,12.8,19.200000000000003
2020-04-29,8.1,23.9,13.3,18.6
2020-04-30,0.0,23.9,10.6,17.25
2020-05-01,0.0,27.8,8.9,18.35
2020-05-02,0.0,28.3,12.8,20.55
2020-05-03,0.0,29.4,14.4,21.9
2020-05-04,0.0,29.4,16.1,22.75
2020-05-05,0.0,28.3,17.8,23.05
2020-05-06,0.0,25.6,11.1,18.35
2020-05-07,0.0,25.0,7.8,16.4
2020-05-08,10.4,18.3,13.9,16.1
2020-05-09,0.0,20.6,9.4,15.0
2020-05-10,0.0,24.4,6.7,15.549999999999999
2020-05-11,0.0,24.4,10.0,17.2
2020-05-12,0.0,27.8,11.7,19.75
2020-05-13,0.0,30.0,16.1,23.05
2020-05-14,4.8,28.3,17.8,23.05
2020-05-15,1.3,30.0,18.9,24.45
2020-05-16,4.3,28.3,20.6,24.450000000000003
2020-05-17,15.2,31.1,20.0,25.55
2020-05-18,1.0,27.8,16.7,22.25
2020-05-19,0.0,26.1,14.4,20.25
2020-05-20,0.0,28.3,16.7,22.5
2020-05-21,1.0,30.0,18.3,24.15
2020-05-22,0.0,33.3,21.1,27.2
2020-05-23,5.1,31.7,19.4,25.549999999999997
2020-05-24,0.0,32.2,18.9,25.55
2020-05-25,0.0,32.2,19.4,25.8
2020-05-26,19.3,27.8,21.1,24.450000000000003
2020-05-27,35.8,30.0,16.7,23.35
2020-05-28,0.3,28.3,16.7,22.5
2020-05-29,1.3,30.0,19.4,24.7
2020-05-30,0.0,30.6,18.3,24.450000000000003
2020-05-31,0.0,30.0,16.1,23.05
2020-06-01,0.0,31.1,18.9,25.0
2020-06-02,0.0,32.2,20.6,26.400000000000002
2020-06-03,1.3,31.7,22.2,26.95
2020-06-04,3.6,31.7,21.1,26.4
2020-06-05,21.3,34.4,20.6,27.5
2020-06-06,0.0,31.7,19.4,25.549999999999997
2020-06-07,11.4,31.1,23.9,27.5
2020-06-08,69.6,30.0,23.3,26.65
2020-06-09,0.0,33.9,24.4,29.15
2020-06-10,1.3,32.2,18.9,25.55
2020-06-11,0.0,30.0,17.8,23.9
2020-06-12,0.0,31.1,17.2,24.15
2020-06-13,0.0,32.2,17.2,24.700000000000003
2020-06-14,0.0,33.3,19.4,26.349999999999998
2020-06-15,0.0,33.9,19.4,26.65
2020-06-16,0.0,30.6,17.8,24.200000000000003
2020-06-17,0.0,31.7,17.2,24.45
2020-06-18,0.0,32.2,18.3,25.25
2020-06-19,0.0,33.9,20.0,26.95
2020-06-20,0.0,33.9,20.6,27.25
2020-06-21,13.5,33.9,21.1,27.5
2020-06-22,5.1,29.4,20.6,25.0
2020-06-23,0.0,33.3,22.2,27.75
2020-06-24,0.5,29.4,22.2,25.799999999999997
2020-06-25,2.5,30.6,20.6,25.6
2020-06-26,0.3,28.3,20.6,24.450000000000003
2020-06-27,3.8,32.8,25.0,28.9
2020-06-28,0.0,33.3,25.0,29.15
2020-06-29,0.0,33.3,24.4,28.849999999999998
2020-06-30,0.0,32.8,25.0,28.9
2020-07-01,10.9,32.8,22.2,27.5
2020-07-02,28.2,31.7,21.7,26.7
2020-07-03,0.0,33.3,20.6,26.95
2020-07-04,10.7,32.2,22.8,27.5
2020-07-05,0.0,32.8,21.7,27.25
2020-07-06,36.3,31.7,22.2,26.95
2020-07-07,7.1,30.6,23.3,26.950000000000003
2020-07-08,6.4,28.3,23.3,25.8
2020-07-09,0.0,33.9,23.3,28.6
2020-07-10,0.0,35.0,25.6,30.3
2020-07-11,0.0,35.0,23.3,29.15
2020-07-12,0.0,36.1,25.0,30.55
2020-07-13,0.0,35.6,23.9,29.75
2020-07-14,0.0,35.6,24.4,30.0
2020-07-15,0.0,35.0,23.9,29.45
2020-07-16,0.0,34.4,22.8,28.6
2020-07-17,1.8,34.4,22.2,28.299999999999997
2020-07-18,0.0,35.0,23.3,29.15
2020-07-19,0.0,35.6,22.8,29.200000000000003
2020-07-20,0.0,35.6,23.9,29.75
2020-07-21,0.0,35.6,23.3,29.450000000000003
2020-07-22,0.0,35.0,23.9,29.45
2020-07-23,0.8,35.0,23.3,29.15
2020-07-24,6.4,31.7,23.9,27.799999999999997
2020-07-25,5.8,31.7,23.3,27.5
2020-07-26,1.8,31.1,22.8,26.950000000000003
2020-07-27,4.3,30.0,23.3,26.65
2020-07-28,0.0,31.1,22.8,26.950000000000003
2020-07-29,0.0,33.3,23.9,28.599999999999998
2020-07-30,0.0,33.3,23.9,28.599999999999998
2020-07-31,5.1,34.4,22.2,28.299999999999997
2020-08-01,88.4,31.1,22.2,26.65
2020-08-02,0.0,31.7,21.7,26.7
2020-08-03,0.0,33.9,21.1,27.5
2020-08-04,0.0,33.9,21.1,27.5
2020-08-05,0.0,32.2,20.6,26.400000000000002
2020-08-06,0.0,32.2,18.3,25.25
2020-08-07,0.0,34.4,18.3,26.35
2020-08-08,0.0,36.1,20.6,28.35
2020-08-09,0.0,36.7,22.8,29.75
2020-08-10,0.0,36.1,23.3,29.700000000000003
2020-08-11,0.0,36.1,24.4,30.25
2020-08-12,0.0,35.6,22.8,29.200000000000003
2020-08-13,23.4,30.6,23.3,26.950000000000003
2020-08-14,18.3,30.0,22.8,26.4
2020-08-15,0.0,34.4,21.1,27.75
2020-08-16,13.5,35.6,21.1,28.35
2020-08-17,0.0,32.8,20.6,26.7
2020-08-18,0.0,33.9,18.9,26.4
2020-08-19,0.3,32.2,21.1,26.650000000000002
2020-08-20,0.3,30.6,21.1,25.85
2020-08-21,11.2,30.0,19.4,24.7
2020-08-22,0.0,31.7,18.9,25.299999999999997
2020-08-23,0.0,33.9,20.6,27.25
2020-08-24,0.0,33.3,22.2,27.75
2020-08-25,0.0,28.3,24.4,26.35
2020-08-26,3.0,34.4,24.4,29.4
2020-08-27,41.7,30.0,23.9,26.95
2020-08-28,0.5,30.0,24.4,27.2
2020-08-29,0.0,34.4,24.4,29.4
2020-08-30,0.5,33.9,23.3,28.6
2020-08-31,0.0,33.9,23.9,28.9
2020-09-01,0.5,34.4,25.0,29.7
2020-09-02,0.0,33.9,25.0,29.45
2020-09-03,0.0,33.9,22.8,28.35
2020-09-04,0.0,35.6,22.2,28.9
2020-09-05,0.0,33.9,22.8,28.35
2020-09-06,0.0,35.0,18.9,26.95
2020-09-07,0.0,33.9,18.9,26.4
2020-09-08,0.0,34.4,20.0,27.2
2020-09-09,0.0,34.4,22.2,28.299999999999997
2020-09-10,0.0,34.4,20.6,27.5
2020-09-11,0.0,34.4,22.2,28.299999999999997
2020-09-12,2.8,35.0,22.8,28.9
2020-09-13,0.0,33.9,23.3,28.6
2020-09-14,1.0,32.8,23.3,28.049999999999997
2020-09-15,2.8,31.7,23.9,27.799999999999997
2020-09-16,0.0,27.8,22.8,25.3
2020-09-17,0.0,32.8,21.1,26.95
2020-09-18,0.0,27.8,19.4,23.6
2020-09-19,0.0,26.7,18.9,22.799999999999997
2020-09-20,0.0,29.4,18.3,23.85
2020-09-21,0.0,23.3,20.0,21.65
2020-09-22,0.0,26.7,18.9,22.799999999999997
2020-09-23,48.8,23.9,19.4,21.65
2020-09-24,43.9,24.4,18.9,21.65
2020-09-25,0.3,22.8,18.9,20.85
2020-09-26,0.0,27.8,20.6,24.200000000000003
2020-09-27,0.0,29.4,19.4,24.4
2020-09-28,2.5,26.1,15.0,20.55
2020-09-29,0.0,25.0,11.7,18.35
2020-09-30,0.0,27.2,10.0,18.6
2020-10-01,0.0,27.2,12.2,19.7
2020-10-02,0.0,23.9,9.4,16.65
2020-10-03,0.0,24.4,7.8,16.099999999999998
2020-10-04,0.0,27.2,10.0,18.6
2020-10-05,0.0,25.6,12.2,18.9
2020-10-06,0.0,28.3,11.7,20.0
2020-10-07,0.0,31.1,15.0,23.05
2020-10-08,17.3,27.8,18.9,23.35
2020-10-09,10.7,26.1,20.0,23.05
2020-10-10,21.1,25.0,20.6,22.8
2020-10-11,0.0,25.0,17.2,21.1
2020-10-12,0.0,31.1,16.7,23.9
2020-10-13,0.0,26.7,11.7,19.2
2020-10-14,0.0,27.8,8.9,18.35
2020-10-15,0.0,28.9,12.8,20.85
2020-10-16,0.5,21.1,10.0,15.55
2020-10-17,0.0,23.3,8.3,15.8
2020-10-18,0.0,27.2,11.1,19.15
2020-10-19,0.0,28.3,15.0,21.65
2020-10-20,0.0,30.0,15.6,22.8
2020-10-21,0.0,31.1,17.8,24.450000000000003
2020-10-22,0.0,30.0,18.9,24.45
2020-10-23,23.6,31.1,17.8,24.450000000000003
2020-10-24,1.5,21.1,12.8,16.950000000000003
2020-10-25,0.0,19.4,12.8,16.1
2020-10-26,0.0,24.4,15.6,20.0
2020-10-27,12.7,27.8,15.6,21.7
2020-10-28,48.3,26.1,20.0,23.05
2020-10-29,0.8,20.0,10.0,15.0
2020-10-30,0.0,16.7,8.3,12.5
2020-10-31,0.0,21.7,5.0,13.35
2020-11-01,0.0,22.2,7.2,14.7
2020-11-02,0.0,17.2,3.9,10.549999999999999
2020-11-03,0.0,22.8,2.8,12.8
2020-11-04,0.0,24.4,4.4,14.399999999999999
2020-11-05,0.0,23.9,6.7,15.299999999999999
2020-11-06,0.0,26.1,10.0,18.05
2020-11-07,0.0,27.2,15.0,21.1
2020-11-08,0.0,27.2,18.9,23.049999999999997
2020-11-09,0.0,26.1,16.1,21.1
2020-11-10,0.3,25.0,20.0,22.5
2020-11-11,0.0,26.1,14.4,20.25
2020-11-12,0.0,25.0,9.4,17.2
2020-11-13,0.0,25.0,8.3,16.65
2020-11-14,0.0,27.2,9.4,18.3
2020-11-15,0.8,21.7,4.4,13.05
2020-11-16,0.0,20.0,2.2,11.1
2020-11-17,0.0,21.1,3.3,12.200000000000001
2020-11-18,0.0,22.2,5.0,13.6
2020-11-19,0.0,22.2,3.9,13.049999999999999
2020-11-20,0.0,25.6,9.4,17.5
2020-11-21,0.0,25.0,7.8,16.4
2020-11-22,0.0,24.4,9.4,16.9
2020-11-23,0.0,17.8,5.6,11.7
2020-11-24,0.0,23.3,1.1,12.200000000000001
2020-11-25,10.4,23.3,11.7,17.5
2020-11-26,0.0,21.7,6.7,14.2
2020-11-27,13.2,20.6,11.7,16.15
2020-11-28,0.3,16.1,11.1,13.600000000000001
2020-11-29,42.2,13.9,6.7,10.3
2020-11-30,0.0,8.3,-1.6,3.3500000000000005
2020-12-01,0.0,12.8,-2.7,5.050000000000001
2020-12-02,0.0,16.1,-2.7,6.700000000000001
2020-12-03,8.6,13.9,5.6,9.75
2020-12-04,0.5,12.2,1.7,6.949999999999999
2020-12-05,0.0,15.0,-0.5,7.25
2020-12-06,0.3,12.2,2.2,7.199999999999999
2020-12-07,0.0,12.8,0.0,6.4
2020-12-08,0.0,18.9,-0.5,9.2
2020-12-09,0.0,22.2,0.6,11.4
2020-12-10,0.0,23.9,2.8,13.35
2020-12-11,2.0,20.6,6.7,13.65
2020-12-12,13.7,18.9,6.1,12.5
2020-12-13,23.4,19.4,5.0,12.2
2020-12-14,0.5,8.9,3.9,6.4
2020-12-15,1.5,7.2,3.3,5.25
2020-12-16,4.3,7.2,2.8,5.0
2020-12-17,0.0,10.0,-0.5,4.75
2020-12-18,0.0,14.4,-2.7,5.85
2020-12-19,6.4,17.2,1.7,9.45
2020-12-20,0.0,13.9,5.0,9.45
2020-12-21,0.0,18.9,2.2,10.549999999999999
2020-12-22,0.0,21.1,1.7,11.4
2020-12-23,40.4,18.9,6.1,12.5
2020-12-24,10.7,16.7,0.6,8.65
2020-12-25,0.0,6.7,-3.2,1.75
2020-12-26,0.0,15.6,-3.2,6.199999999999999
2020-12-27,0.0,18.9,1.1,10.0
2020-12-28,0.0,18.3,9.4,13.850000000000001
2020-12-29,0.0,21.1,6.7,13.9
2020-12-30,0.0,22.2,13.3,17.75
2020-12-31,15.7,23.3,17.2,20.25
