problem,method,seed,completed,stop_reason,evaluation_count,system_count,component_count,post_warm_system_count,final_regret,regret_area,total_cost,replay_consistent,cost_conservative,unresolved_fallbacks,recommendation_action_id,recommendation_is_observed_system,optimizer_overhead_seconds,error
informative_chain,function_network_full,0,True,max_cost,8,8,0,4,0.007722590415816244,0.15654291475454954,8.0,True,True,0,eval-000006,True,0.541465709451586,
informative_chain,function_network_full,1,True,max_cost,8,8,0,4,0.0019059258486561204,0.14241640992995291,8.0,True,True,0,eval-000003,True,0.20165891712531447,
informative_chain,function_network_full,2,True,max_cost,8,8,0,4,0.0005563061294932004,0.26145252397769836,8.0,True,True,0,eval-000002,True,0.24101316602900624,
informative_chain,function_network_full,3,True,max_cost,8,8,0,4,0.003128023639789368,0.1332343653391755,8.0,True,True,0,eval-000003,True,0.17144941724836826,
informative_chain,function_network_full,4,True,max_cost,8,8,0,4,5.8251166118017395e-05,0.13824683874053784,8.0,True,True,0,eval-000005,True,0.15905825002118945,
informative_chain,function_network_partial,0,True,insufficient_remaining_budget,8,6,2,2,0.02818018203947681,0.16414433994619643,7.6,True,True,0,eval-000006,True,32.53027041815221,
informative_chain,function_network_partial,1,True,insufficient_remaining_budget,8,7,1,3,0.0019059258486561204,0.1424164099299529,7.2,True,True,0,eval-000003,True,58.31727287499234,
informative_chain,function_network_partial,2,True,insufficient_remaining_budget,9,6,3,2,0.0005563061294932004,0.26145252397769836,7.8,True,True,0,eval-000002,True,54.221892334055156,
informative_chain,function_network_partial,3,True,max_cost,8,8,0,4,0.003128023639789368,0.1332343653391755,8.0,True,True,0,eval-000003,True,44.791965334210545,
informative_chain,function_network_partial,4,True,max_cost,8,8,0,4,0.016144043069750813,0.14465312543546957,8.0,True,True,0,eval-000005,True,43.170328999869525,
informative_chain,function_network_partial_random,0,True,max_cost,10,6,4,2,0.03813600215890467,0.16588660846709635,8.0,True,True,0,eval-000003,True,0.04859462520107627,
informative_chain,function_network_partial_random,1,True,max_cost,9,7,2,3,0.0019059258486561204,0.14241640992995291,8.0,True,True,0,eval-000003,True,0.0385114592500031,
informative_chain,function_network_partial_random,2,True,max_cost,10,6,4,2,0.0005563061294932004,0.26145252397769836,8.0,True,True,0,eval-000002,True,0.06127658346667886,
informative_chain,function_network_partial_random,3,True,max_cost,10,6,4,2,0.003128023639789368,0.13323436533917538,8.0,True,True,0,eval-000003,True,0.04410895798355341,
informative_chain,function_network_partial_random,4,True,max_cost,10,6,4,2,0.007857888721868322,0.14386629895452266,8.0,True,True,0,eval-000006,True,0.05400583101436496,
informative_chain,function_network_partial_cheapest_informative,0,True,max_cost,10,6,4,2,0.02945735534520999,0.16306604825264553,8.0,True,True,0,eval-000006,True,22.43393245805055,
informative_chain,function_network_partial_cheapest_informative,1,True,insufficient_remaining_budget,10,6,4,2,0.0019059258486561204,0.14241640992995291,7.4,True,True,0,eval-000003,True,39.42503441590816,
informative_chain,function_network_partial_cheapest_informative,2,True,max_cost,10,6,4,2,0.0005563061294932004,0.26145252397769836,8.0,True,True,0,eval-000002,True,26.41496224794537,
informative_chain,function_network_partial_cheapest_informative,3,True,max_cost,10,6,4,2,0.003128023639789368,0.13323436533917543,8.0,True,True,0,eval-000003,True,19.153000626247376,
informative_chain,function_network_partial_cheapest_informative,4,True,max_cost,10,6,4,2,0.024987383468850988,0.14686396053524461,8.0,True,True,0,eval-000000,True,21.558417127467692,
informative_branch,function_network_full,0,True,max_cost,8,8,0,4,0.004475937244509676,0.14711025544087208,8.0,True,True,0,eval-000004,True,0.4001410407945514,
informative_branch,function_network_full,1,True,max_cost,8,8,0,4,0.01416180394976041,0.14837420736370585,8.0,True,True,0,eval-000006,True,0.315393207129091,
informative_branch,function_network_full,2,True,max_cost,8,8,0,4,0.0026340171197566375,0.5066536802918145,8.0,True,True,0,eval-000005,True,0.2939714170061052,
informative_branch,function_network_full,3,True,max_cost,8,8,0,4,0.007323161347540186,0.279598528789492,8.0,True,True,0,eval-000003,True,0.350428375415504,
informative_branch,function_network_full,4,True,max_cost,8,8,0,4,0.00941989950450739,0.3842713844661533,8.0,True,True,0,eval-000007,True,0.2991376253776252,
informative_branch,function_network_partial,0,True,max_cost,10,7,3,3,0.04086355794836183,0.16075561320481657,8.0,True,True,0,eval-000000,True,189.48269599908963,
informative_branch,function_network_partial,1,True,insufficient_remaining_budget,8,7,1,3,0.009842650352233195,0.14658604443814074,7.15,True,True,0,eval-000005,True,130.27835574932396,
informative_branch,function_network_partial,2,True,max_cost,8,8,0,4,0.0010773258047116485,0.5034015851827045,8.0,True,True,0,eval-000004,True,111.0611209156923,
informative_branch,function_network_partial,3,True,max_cost,8,8,0,4,0.007323161347540186,0.279598528789492,8.0,True,True,0,eval-000003,True,134.11984279146418,
informative_branch,function_network_partial,4,True,insufficient_remaining_budget,8,7,1,3,0.013167212462807387,0.38748567895277225,7.7,True,True,0,eval-000007,True,116.309143376071,
informative_branch,function_network_partial_random,0,True,insufficient_remaining_budget,10,6,4,2,0.01428235650196985,0.15793136055113743,7.15,True,True,0,eval-000009,True,0.09311620937660336,
informative_branch,function_network_partial_random,1,True,insufficient_remaining_budget,11,7,4,3,0.03485224144608701,0.1554957112653262,7.6,True,True,0,eval-000000,True,0.0933337933383882,
informative_branch,function_network_partial_random,2,True,insufficient_remaining_budget,10,6,4,2,0.023980704047500634,0.5119903520237503,7.15,True,True,0,eval-000003,True,0.0937034166418016,
informative_branch,function_network_partial_random,3,True,insufficient_remaining_budget,10,6,4,2,0.007323161347540186,0.27959852878949204,7.15,True,True,0,eval-000003,True,0.14322487590834498,
informative_branch,function_network_partial_random,4,True,max_evaluations,12,7,5,3,0.02041175912411408,0.3877573494525712,7.75,True,True,0,eval-000002,True,0.13828250160440803,
informative_branch,function_network_partial_cheapest_informative,0,True,insufficient_remaining_budget,10,6,4,2,0.04086355794836183,0.1607556132048166,7.7,True,True,0,eval-000000,True,73.61143704457209,
informative_branch,function_network_partial_cheapest_informative,1,True,insufficient_remaining_budget,10,6,4,2,0.011978216528209962,0.14934831706864668,7.7,True,True,0,eval-000006,True,50.858208207413554,
informative_branch,function_network_partial_cheapest_informative,2,True,insufficient_remaining_budget,10,6,4,2,0.023980704047500634,0.5119903520237503,7.7,True,True,0,eval-000003,True,60.5338363754563,
informative_branch,function_network_partial_cheapest_informative,3,True,insufficient_remaining_budget,10,6,4,2,0.007323161347540186,0.27959852878949204,7.7,True,True,0,eval-000003,True,56.51489558350295,
informative_branch,function_network_partial_cheapest_informative,4,True,insufficient_remaining_budget,10,6,4,2,0.02041175912411408,0.38775734945257123,7.7,True,True,0,eval-000002,True,55.585683622863144,
