expansion,temperature_k,split
0.591,24.41,validation
1.547,34.82,train
2.902,44.09,test
2.894,45.07,train
4.703,54.98,train
6.307,65.51,train
7.03,70.53,validation
7.898,75.7,validation
9.47,89.57,train
9.484,91.14,test
10.072,96.4,train
10.163,97.19,train
11.615,114.26,test
12.005,120.25,train
12.478,127.08,validation
12.982,133.55,train
12.97,133.61,test
13.926,158.67,train
14.452,172.74,test
14.404,171.31,train
15.19,202.14,train
15.55,220.55,train
15.528,221.05,test
15.499,221.39,validation
16.131,250.99,train
16.438,268.99,validation
16.387,271.8,train
16.549,271.97,test
16.872,321.31,validation
16.83,321.69,train
16.926,330.14,train
16.907,333.03,test
16.966,333.47,validation
17.06,340.77,train
17.122,345.65,train
17.311,373.11,train
17.355,373.79,train
17.668,411.82,train
17.767,419.51,test
17.803,421.59,validation
17.765,422.02,train
17.768,422.47,train
17.736,422.61,train
17.858,441.75,train
17.877,447.41,test
17.912,448.7,train
18.046,472.89,train
18.085,476.69,test
18.291,522.47,train
18.357,522.62,test
18.426,524.43,train
18.584,546.75,train
18.61,549.53,train
18.87,575.29,validation
18.795,576,train
19.111,625.55,train
0.367,20.15,train
0.796,28.78,train
0.892,29.57,train
1.903,37.41,test
2.15,39.12,validation
3.697,50.24,validation
5.87,61.38,train
6.421,66.25,test
7.422,73.42,train
9.944,95.52,train
11.023,107.32,train
11.87,122.04,test
12.786,134.03,validation
14.067,163.19,validation
13.974,163.48,train
14.462,175.7,validation
14.464,179.86,train
15.381,211.27,test
15.483,217.78,train
15.59,219.14,train
16.075,262.52,train
16.347,268.01,train
16.181,268.62,test
16.915,336.25,train
17.003,337.23,train
16.978,339.33,validation
17.756,427.38,test
17.808,428.58,validation
17.868,432.68,train
18.481,528.99,train
18.486,531.08,test
19.09,628.34,train
16.062,253.24,test
16.337,273.13,validation
16.345,273.66,train
16.388,282.1,test
17.159,346.62,test
17.116,347.19,validation
17.164,348.78,train
17.123,351.18,test
17.979,450.1,train
17.974,450.35,train
18.007,451.92,test
17.993,455.56,validation
18.523,552.22,validation
18.669,553.56,train
18.617,555.74,train
19.371,652.59,validation
19.33,656.2,train
0.08,14.13,test
0.248,20.41,train
1.089,31.3,test
1.418,33.84,train
2.278,39.7,train
3.624,48.83,train
4.574,54.5,train
5.556,60.41,validation
7.267,72.77,train
7.695,75.25,test
9.136,86.84,train
9.959,94.88,train
9.957,96.4,test
11.6,117.37,validation
13.138,139.08,train
13.564,147.73,test
13.871,158.63,train
13.994,161.84,train
14.947,192.11,test
15.473,206.76,train
15.379,209.07,train
15.455,213.32,validation
15.908,226.44,train
16.114,237.12,train
17.071,330.9,train
17.135,358.72,train
17.282,370.77,train
17.368,372.72,validation
17.483,396.24,train
17.764,416.59,train
18.185,484.02,validation
18.271,495.47,train
18.236,514.78,test
18.237,515.65,validation
18.523,519.47,train
18.627,544.47,validation
18.665,560.11,train
19.086,620.77,train
0.214,18.97,validation
0.943,28.93,train
1.429,33.91,train
2.241,40.03,train
2.951,44.66,train
3.782,49.87,test
4.757,55.16,test
5.602,60.9,train
7.169,72.08,train
8.92,85.15,train
10.055,97.06,train
12.035,119.63,train
12.861,133.27,train
13.436,143.84,train
14.167,161.91,test
14.755,180.67,train
15.168,198.44,validation
15.651,226.86,test
15.746,229.65,validation
16.216,258.27,validation
16.445,273.77,train
16.965,339.15,test
17.121,350.13,train
17.206,362.75,train
17.25,371.03,test
17.339,393.32,test
17.793,448.53,validation
18.123,473.78,train
18.49,511.12,train
18.566,524.7,train
18.645,548.75,train
18.706,551.64,test
18.924,574.02,test
19.1,623.86,validation
0.375,21.46,train
0.471,24.33,test
1.504,33.43,validation
2.204,39.22,train
2.813,44.18,validation
4.765,55.02,train
9.835,94.33,validation
10.04,96.44,validation
11.946,118.82,train
12.596,128.48,train
13.303,141.94,train
13.922,156.92,validation
14.44,171.65,train
14.951,190,train
15.627,223.26,train
15.639,223.88,train
15.814,231.5,train
16.315,265.05,train
16.334,269.44,train
16.43,271.78,train
16.423,273.46,train
17.024,334.61,train
17.009,339.79,train
17.165,349.52,train
17.134,358.18,validation
17.349,377.98,train
17.576,394.77,validation
17.848,429.66,train
18.09,468.22,train
18.276,487.27,train
18.404,519.54,train
18.519,523.03,validation
19.133,612.99,train
19.074,638.59,test
19.239,641.36,validation
19.28,622.05,test
19.101,631.5,train
19.398,663.97,train
19.252,646.9,train
19.89,748.29,train
20.007,749.21,train
19.929,750.14,validation
19.268,647.04,train
19.324,646.89,train
20.049,746.9,train
20.107,748.43,train
20.062,747.35,test
20.065,749.27,test
19.286,647.61,test
19.972,747.78,validation
20.088,750.51,train
20.743,851.37,train
20.83,845.97,train
20.935,847.54,train
21.035,849.93,train
20.93,851.61,test
21.074,849.75,validation
21.085,850.98,train
20.935,848.23,test
