date,flow_cfs,flow_mm_day,precip_mm,tmax_c,tmin_c,tmean_c,split
2019-01-01,9600,12.0588830888,0,16.7,10.6,13.65,warmup
2019-01-02,6480,8.13974608492,69.3,10.6,8.3,9.45,warmup
2019-01-03,6210,7.80058999805,43.7,12.8,8.9,10.85,warmup
2019-01-04,10600,13.3150167439,1.5,12.8,6.1,9.45,warmup
2019-01-05,9690,12.1719351177,0,16.7,3.3,10,warmup
2019-01-06,9180,11.5313069536,0,20.6,1.7,11.15,warmup
2019-01-07,5720,7.18508450706,0,21.1,5.6,13.35,warmup
2019-01-08,3300,4.14524106177,0,25,10.6,17.8,warmup
2019-01-09,2070,2.60019666602,0,13.3,2.8,8.05,warmup
2019-01-10,1340,1.68321909781,0,11.7,0.6,6.15,warmup
2019-01-11,1130,1.41943103024,0,15,-0.5,7.25,warmup
2019-01-12,1010,1.26869499163,14.2,15.6,7.8,11.7,warmup
2019-01-13,1150,1.44455370334,0,8.3,4.4,6.35,warmup
2019-01-14,1200,1.5073603861,0,6.7,3.9,5.3,warmup
2019-01-15,1100,1.38174702059,0,8.3,2.2,5.25,warmup
2019-01-16,938,1.17825336847,0,12.8,-0.5,6.15,warmup
2019-01-17,849,1.06645747316,1.5,14.4,8.3,11.35,warmup
2019-01-18,829,1.04133480006,0,17.2,10,13.6,warmup
2019-01-19,958,1.20337604157,22.4,18.3,1.7,10,warmup
2019-01-20,2000,2.51226731016,0,6.1,-2.1,2,warmup
2019-01-21,2620,3.29107017631,0,11.7,-2.7,4.5,warmup
2019-01-22,1850,2.3238472619,0,16.7,3.9,10.3,warmup
2019-01-23,1990,2.49970597361,10.7,18.3,1.1,9.7,warmup
2019-01-24,5110,6.41884297746,0,10.6,-1,4.8,warmup
2019-01-25,5410,6.79568307398,0,12.2,-2.7,4.75,warmup
2019-01-26,4770,5.99175753473,0,16.1,-1.6,7.25,warmup
2019-01-27,2560,3.21570215701,0,16.7,2.8,9.75,warmup
2019-01-28,1250,1.57016706885,3.3,18.3,1.1,9.7,warmup
2019-01-29,1020,1.28125632818,6.4,8.9,-3.2,2.85,warmup
2019-01-30,1030,1.29381766473,0,8.9,-3.8,2.55,warmup
2019-01-31,1100,1.38174702059,0,16.7,-2.1,7.3,warmup
2019-02-01,955,1.1996076406,0,18.3,2.8,10.55,warmup
2019-02-02,806,1.01244372599,0,20,1.7,10.85,warmup
2019-02-03,735,0.923258236484,0,18.3,10,14.15,warmup
2019-02-04,687,0.86296382104,0,22.8,12.8,17.8,warmup
2019-02-05,668,0.839097281594,1,23.3,18.3,20.8,warmup
2019-02-06,760,0.954661577861,0,26.7,19.4,23.05,warmup
2019-02-07,778,0.977271983653,0,28.3,9.4,18.85,warmup
2019-02-08,788,0.989833320203,0,9.4,0.6,5,warmup
2019-02-09,675,0.847890217179,1,12.8,0.6,6.7,warmup
2019-02-10,576,0.723532985326,0,18.9,6.1,12.5,warmup
2019-02-11,530,0.665750837193,0.5,22.2,13.9,18.05,warmup
2019-02-12,754,0.947124775931,20.3,19.4,2.8,11.1,warmup
2019-02-13,1490,1.87163914607,0,17.2,0,8.6,warmup
2019-02-14,1990,2.49970597361,0,20,6.7,13.35,warmup
2019-02-15,1470,1.84651647297,0,20.6,13.3,16.95,warmup
2019-02-16,906,1.1380570915,0,19.4,5.6,12.5,warmup
2019-02-17,745,0.935819573035,6.1,20,7.2,13.6,warmup
2019-02-18,669,0.840353415249,0,13.3,3.9,8.6,warmup
2019-02-19,753,0.945868642276,11.2,12.2,5.6,8.9,warmup
2019-02-20,1880,2.36153127155,11.2,21.1,11.1,16.1,warmup
2019-02-21,7020,8.81805825866,3.8,12.2,9.4,10.8,warmup
2019-02-22,10200,12.8125632818,1,22.8,9.4,16.1,warmup
2019-02-23,13900,17.4602578056,8.9,28.3,16.1,22.2,warmup
2019-02-24,10800,13.5662434749,0,16.1,5.6,10.85,warmup
2019-02-25,6330,7.95132603666,0,16.1,2.8,9.45,warmup
2019-02-26,4170,5.23807734169,0,19.4,7.8,13.6,warmup
2019-02-27,2180,2.73837136808,5.8,26.7,11.7,19.2,warmup
2019-02-28,3300,4.14524106177,1,23.9,16.7,20.3,warmup
2019-03-01,5050,6.34347495816,1.3,17.2,8.9,13.05,warmup
2019-03-02,4100,5.15014798583,0.8,13.9,10,11.95,warmup
2019-03-03,3470,4.35878378313,21.8,16.1,2.8,9.45,warmup
2019-03-04,4270,5.36369070719,0,3.9,-1.6,1.15,warmup
2019-03-05,3770,4.73562387965,0,8.3,-3.2,2.55,warmup
2019-03-06,2470,3.10265012805,0,11.1,-4.9,3.1,warmup
2019-03-07,1420,1.78370979021,0,15.6,-1.6,7,warmup
2019-03-08,1120,1.40686969369,0,23.3,13.3,18.3,warmup
2019-03-09,984,1.2360355166,0,26.7,18.9,22.8,warmup
2019-03-10,909,1.14182549247,8.4,23.9,15.6,19.75,warmup
2019-03-11,876,1.10037308185,45.7,17.8,10,13.9,warmup
2019-03-12,2470,3.10265012805,0,20.6,10,15.3,warmup
2019-03-13,4340,5.45162006305,0,25,13.9,19.45,warmup
2019-03-14,3980,4.99941194722,0,27.8,16.7,22.25,warmup
2019-03-15,2950,3.70559428249,0,16.7,10.6,13.65,warmup
2019-03-16,1800,2.26104057914,0,15,7.8,11.4,warmup
2019-03-17,1180,1.48223771299,0,19.4,5,12.2,warmup
2019-03-18,874,1.09786081454,0,20,3.3,11.65,warmup
2019-03-19,751,0.943356374965,0,18.3,3.9,11.1,warmup
2019-03-20,674,0.846634083524,0,21.7,0.6,11.15,warmup
2019-03-21,617,0.775034465185,0,21.7,4.4,13.05,warmup
2019-03-22,573,0.719764584361,0,22.2,2.8,12.5,warmup
2019-03-23,538,0.675799906433,0,24.4,3.3,13.85,warmup
2019-03-24,511,0.641884297746,0,24.4,8.9,16.65,warmup
2019-03-25,505,0.634347495816,18,25.6,12.8,19.2,warmup
2019-03-26,568,0.713483916086,0,18.3,8.3,13.3,warmup
2019-03-27,554,0.695898044915,0,22.8,2.8,12.8,warmup
2019-03-28,522,0.655701767952,0,24.4,5.6,15,warmup
2019-03-29,486,0.610480956369,0,24.4,8.9,16.65,warmup
2019-03-30,460,0.577821481337,2.5,25,8.9,16.95,warmup
2019-03-31,539,0.677056040088,0,13.3,5.6,9.45,warmup
2019-04-01,500,0.62806682754,0,15.6,2.8,9.2,train
2019-04-02,451,0.566516278441,0,19.4,2.2,10.8,train
2019-04-03,417,0.523807734169,0,23.9,2.8,13.35,train
2019-04-04,440,0.552698808235,23.1,15.6,11.1,13.35,train
2019-04-05,828,1.04007866641,0,25,15,20,train
2019-04-06,1520,1.90932315572,10.9,24.4,13.9,19.15,train
2019-04-07,1190,1.49479904955,11.9,28.3,16.7,22.5,train
2019-04-08,953,1.19709537329,10.4,28.3,17.2,22.75,train
2019-04-09,2290,2.87654607013,1,27.2,14.4,20.8,train
2019-04-10,4380,5.50186540925,0,30.6,11.1,20.85,train
2019-04-11,4030,5.06221862997,0,29.4,15.6,22.5,train
2019-04-12,3370,4.23317041762,18.8,22.8,13.3,18.05,train
2019-04-13,6900,8.66732222005,71.9,25,15.6,20.3,train
2019-04-14,10500,13.1894033783,0,18.9,6.1,12.5,train
2019-04-15,11300,14.1943103024,0,23.3,5,14.15,train
2019-04-16,10500,13.1894033783,0,26.7,8.3,17.5,train
2019-04-17,5470,6.87105109329,0,25.6,14.4,20,train
2019-04-18,3760,4.7230625431,41.1,25.6,12.8,19.2,train
2019-04-19,10700,13.4406301094,0.3,16.1,10,13.05,train
2019-04-20,7590,9.53405444206,0,21.1,7.8,14.45,train
2019-04-21,5950,7.47399524773,0,26.7,7.2,16.95,train
2019-04-22,3700,4.6476945238,0,27.2,8.3,17.75,train
2019-04-23,1750,2.19823389639,0,25.6,11.7,18.65,train
2019-04-24,1050,1.31894033783,0,28.3,14.4,21.35,train
2019-04-25,1470,1.84651647297,31.5,25,17.2,21.1,train
2019-04-26,3050,3.831207648,0,25.6,10.6,18.1,train
2019-04-27,3470,4.35878378313,0,27.8,8.9,18.35,train
2019-04-28,2670,3.35387685906,0,28.9,13.3,21.1,train
2019-04-29,1300,1.6329737516,0,29.4,13.3,21.35,train
2019-04-30,835,1.04887160199,0,31.1,16.1,23.6,train
2019-05-01,688,0.864219954695,0,30.6,20.6,25.6,train
2019-05-02,605,0.759960861324,0,30,18.9,24.45,train
2019-05-03,552,0.693385777604,3.3,28.3,17.8,23.05,train
2019-05-04,679,0.8529147518,16.5,23.3,17.8,20.55,train
2019-05-05,1180,1.48223771299,0,25,13.3,19.15,train
2019-05-06,1280,1.6078510785,0,28.9,12.2,20.55,train
2019-05-07,1080,1.35662434749,0,30.6,15,22.8,train
2019-05-08,736,0.924514370139,21.6,29.4,17.8,23.6,train
2019-05-09,1210,1.51992172265,87.1,23.9,17.8,20.85,train
2019-05-10,5230,6.56957901607,10.7,22.8,16.7,19.75,train
2019-05-11,8410,10.5640840392,10.7,30,20,25,train
2019-05-12,13600,17.0834177091,0.3,26.1,15.6,20.85,train
2019-05-13,14400,18.0883246332,0,26.7,13.3,20,train
2019-05-14,11700,14.6967637644,0,27.8,11.7,19.75,train
2019-05-15,6090,7.64985395944,0,30.6,14.4,22.5,train
2019-05-16,2960,3.71815561904,0,31.7,16.7,24.2,train
2019-05-17,1530,1.92188449227,0,31.7,18.3,25,train
2019-05-18,935,1.1744849675,0.3,32.2,18.3,25.25,train
2019-05-19,991,1.24482845218,27.9,26.7,18.9,22.8,train
2019-05-20,1300,1.6329737516,0,32.2,20,26.1,train
2019-05-21,1080,1.35662434749,0,32.2,22.8,27.5,train
2019-05-22,836,1.05012773565,0,32.8,22.8,27.8,train
2019-05-23,666,0.836585014284,0,32.8,20.6,26.7,train
2019-05-24,575,0.722276851671,0,31.7,21.7,26.7,train
2019-05-25,513,0.644396565056,0,32.8,19.4,26.1,train
2019-05-26,466,0.585358283267,0,33.3,18.9,26.1,train
2019-05-27,432,0.542649738995,0,31.7,20,25.85,train
2019-05-28,406,0.509990263963,0,32.8,22.8,27.8,train
2019-05-29,385,0.483611457206,0,32.8,20,26.4,train
2019-05-30,363,0.455976516794,0,31.1,21.1,26.1,train
2019-05-31,344,0.432109977348,0,32.8,20,26.4,train
2019-06-01,329,0.413267972521,0,33.9,17.8,25.85,train
2019-06-02,313,0.39316983404,0,34.4,18.3,26.35,train
2019-06-03,299,0.375583962869,0,35.6,20,27.8,train
2019-06-04,286,0.359254225353,0,35,22.2,28.6,train
2019-06-05,277,0.347949022457,5.8,27.8,21.1,24.45,train
2019-06-06,320,0.401962769626,2.5,30.6,20.6,25.6,train
2019-06-07,585,0.734838188222,29.5,31.7,20,25.85,train
2019-06-08,883,1.10916601744,2.3,30,20,25,train
2019-06-09,611,0.767497663254,0,30,19.4,24.7,train
2019-06-10,438,0.550186540925,0,32.2,21.1,26.65,train
2019-06-11,363,0.455976516794,0,27.8,18.3,23.05,train
2019-06-12,323,0.405731170591,0,29.4,15.6,22.5,train
2019-06-13,300,0.376840096524,0,30,15.6,22.8,train
2019-06-14,280,0.351717423422,0,31.1,13.3,22.2,train
2019-06-15,263,0.330363151286,0,32.8,20,26.4,train
2019-06-16,258,0.324082483011,2,33.3,22.2,27.75,train
2019-06-17,267,0.335387685906,9.1,32.2,20.6,26.4,train
2019-06-18,351,0.440902912933,4.1,32.2,22.8,27.5,train
2019-06-19,473,0.594151218853,1,33.3,22.2,27.75,train
2019-06-20,388,0.487379858171,1.8,33.9,20.6,27.25,train
2019-06-21,359,0.450951982174,0,33.9,25,29.45,train
2019-06-22,297,0.373071695559,0,33.9,25,29.45,train
2019-06-23,260,0.326594750321,0.3,35,26.1,30.55,train
2019-06-24,243,0.305240478185,6.9,30.6,21.1,25.85,train
2019-06-25,244,0.30649661184,5.8,31.1,20.6,25.85,train
2019-06-26,247,0.310265012805,0,31.1,21.7,26.4,train
2019-06-27,245,0.307752745495,1.3,35,20,27.5,train
2019-06-28,266,0.334131552251,3.3,29.4,18.3,23.85,train
2019-06-29,247,0.310265012805,0.3,32.8,18.3,25.55,train
2019-06-30,229,0.287654607013,0,33.3,21.7,27.5,train
2019-07-01,220,0.276349404118,0,34.4,21.7,28.05,train
2019-07-02,209,0.262531933912,0,35,21.7,28.35,train
2019-07-03,204,0.256251265636,0,33.9,23.3,28.6,train
2019-07-04,199,0.249970597361,0,35,22.8,28.9,train
2019-07-05,188,0.236153127155,0,36.7,22.8,29.75,train
2019-07-06,184,0.231128592535,0,36.1,21.7,28.9,train
2019-07-07,178,0.223591790604,1.5,36.1,22.2,29.15,train
2019-07-08,173,0.217311122329,0,36.7,21.7,29.2,train
2019-07-09,174,0.218567255984,0,37.2,23.3,30.25,train
2019-07-10,171,0.214798855019,10.2,38.3,24.4,31.35,train
2019-07-11,177,0.222335656949,9.7,35.6,23.3,29.45,train
2019-07-12,174,0.218567255984,0,33.3,24.4,28.85,train
2019-07-13,169,0.212286587709,4.8,29.4,23.3,26.35,train
2019-07-14,766,0.962198379792,36.3,24.4,22.2,23.3,train
2019-07-15,5310,6.67006970848,32,31.1,22.8,26.95,train
2019-07-16,5830,7.32325920912,2.3,33.9,25,29.45,train
2019-07-17,6550,8.22767544078,0,33.3,23.9,28.6,train
2019-07-18,4410,5.5395494189,0,34.4,23.3,28.85,train
2019-07-19,1220,1.5324830592,0,33.9,24.4,29.15,train
2019-07-20,639,0.802669405596,9.9,33.3,22.8,28.05,train
2019-07-21,1330,1.67065776126,0,31.7,22.8,27.25,train
2019-07-22,1040,1.30637900128,5.3,32.8,22.8,27.8,train
2019-07-23,590,0.741118856497,15,29.4,20,24.7,train
2019-07-24,534,0.670775371813,0,29.4,19.4,24.4,train
2019-07-25,449,0.564004011131,0,31.1,18.9,25,train
2019-07-26,392,0.492404392791,0,32.8,17.8,25.3,train
2019-07-27,353,0.443415180243,0,33.9,20.6,27.25,train
2019-07-28,327,0.410755705211,0,33.3,20,26.65,train
2019-07-29,305,0.3831207648,7.1,32.8,20.6,26.7,train
2019-07-30,289,0.363022626318,2.5,32.2,22.2,27.2,train
2019-07-31,285,0.357998091698,1.5,33.3,21.1,27.2,train
2019-08-01,271,0.340412220527,0,34.4,20.6,27.5,train
2019-08-02,266,0.334131552251,0,33.3,21.7,27.5,train
2019-08-03,542,0.680824441054,0,33.3,20.6,26.95,train
2019-08-04,410,0.515014798583,3.6,33.9,21.7,27.8,train
2019-08-05,502,0.63057909485,0,33.9,20.6,27.25,train
2019-08-06,356,0.447183581209,0,36.1,22.2,29.15,train
2019-08-07,293,0.368047160939,8.4,35,23.3,29.15,train
2019-08-08,289,0.363022626318,7.1,33.9,23.9,28.9,train
2019-08-09,274,0.344180621492,0.8,34.4,23.3,28.85,train
2019-08-10,284,0.356741958043,2.5,33.9,24.4,29.15,train
2019-08-11,728,0.914465300898,0,35.6,23.9,29.75,train
2019-08-12,683,0.85793928642,0,35.6,24.4,30,train
2019-08-13,512,0.643140431401,1.5,37.2,25.6,31.4,train
2019-08-14,466,0.585358283267,0,32.2,25.6,28.9,train
2019-08-15,436,0.547674273615,0,35,21.1,28.05,train
2019-08-16,338,0.424573175417,0,35.6,19.4,27.5,train
2019-08-17,285,0.357998091698,0,36.1,19.4,27.75,train
2019-08-18,263,0.330363151286,1,32.8,22.8,27.8,train
2019-08-19,288,0.361766492663,4.6,34.4,22.8,28.6,train
2019-08-20,376,0.47230625431,0,33.9,21.7,27.8,train
2019-08-21,371,0.466025586035,0,33.9,23.3,28.6,train
2019-08-22,445,0.558979476511,1.8,32.2,22.8,27.5,train
2019-08-23,345,0.433366111003,0,33.9,22.8,28.35,train
2019-08-24,329,0.413267972521,0.3,33.3,22.8,28.05,train
2019-08-25,311,0.39065756673,5.3,31.1,23.3,27.2,train
2019-08-26,865,1.08655561164,73.9,29.4,23.3,26.35,train
2019-08-27,2980,3.74327829214,0,34.4,22.2,28.3,train
2019-08-28,3310,4.15780239832,0,33.3,21.1,27.2,train
2019-08-29,3260,4.09499571556,0,32.8,21.1,26.95,train
2019-08-30,1990,2.49970597361,0,33.9,18.9,26.4,train
2019-08-31,767,0.963454513447,0,33.3,17.8,25.55,train
2019-09-01,503,0.631835228505,0,33.9,20.6,27.25,train
2019-09-02,409,0.513758664928,0,34.4,21.7,28.05,train
2019-09-03,357,0.448439714864,0,35,21.1,28.05,train
2019-09-04,322,0.404475036936,0,35,20.6,27.8,train
2019-09-05,297,0.373071695559,0,36.1,20.6,28.35,train
2019-09-06,280,0.351717423422,0,35.6,19.4,27.5,train
2019-09-07,266,0.334131552251,0,37.2,22.8,30,train
2019-09-08,253,0.317801814735,0,37.8,22.8,30.3,train
2019-09-09,251,0.315289547425,1,36.7,22.2,29.45,train
2019-09-10,292,0.366791027283,0,33.9,21.1,27.5,train
2019-09-11,269,0.337899953217,0,35,21.1,28.05,train
2019-09-12,250,0.31403341377,0,36.1,21.1,28.6,train
2019-09-13,242,0.303984344529,0,37.8,21.1,29.45,train
2019-09-14,233,0.292679141634,0,35,22.2,28.6,train
2019-09-15,222,0.278861671428,0,35,22.8,28.9,train
2019-09-16,214,0.268812602187,0,36.1,21.7,28.9,train
2019-09-17,207,0.260019666602,0,36.7,20.6,28.65,train
2019-09-18,202,0.253738998326,0,36.7,21.1,28.9,train
2019-09-19,199,0.249970597361,5.3,35,21.7,28.35,train
2019-09-20,201,0.252482864671,0,32.2,20,26.1,train
2019-09-21,193,0.242433795431,0,32.8,17.2,25,train
2019-09-22,188,0.236153127155,0,32.2,21.7,26.95,train
2019-09-23,185,0.23238472619,0,33.3,20.6,26.95,train
2019-09-24,183,0.22987245888,0,34.4,21.7,28.05,train
2019-09-25,180,0.226104057914,0,35,21.7,28.35,train
2019-09-26,176,0.221079523294,0,34.4,20.6,27.5,train
2019-09-27,171,0.214798855019,0,34.4,20.6,27.5,train
2019-09-28,166,0.208518186743,0,34.4,20.6,27.5,train
2019-09-29,163,0.204749785778,0,35.6,19.4,27.5,train
2019-09-30,162,0.203493652123,0,35,20,27.5,train
2019-10-01,159,0.199725251158,0,36.1,19.4,27.75,validation
2019-10-02,157,0.197212983848,0,37.2,21.1,29.15,validation
2019-10-03,156,0.195956850193,1.3,36.7,22.2,29.45,validation
2019-10-04,181,0.22736019157,4.3,30,23.3,26.65,validation
2019-10-05,182,0.228616325225,0,33.9,21.7,27.8,validation
2019-10-06,167,0.209774320398,0,33.3,20,26.65,validation
2019-10-07,168,0.211030454053,0,28.3,18.3,23.3,validation
2019-10-08,169,0.212286587709,0,27.8,16.7,22.25,validation
2019-10-09,163,0.204749785778,0,31.7,15.6,23.65,validation
2019-10-10,159,0.199725251158,8.9,32.2,17.2,24.7,validation
2019-10-11,172,0.216054988674,26.2,31.7,13.3,22.5,validation
2019-10-12,216,0.271324869497,0,21.1,11.1,16.1,validation
2019-10-13,179,0.224847924259,0,19.4,10.6,15,validation
2019-10-14,169,0.212286587709,6.1,23.3,13.9,18.6,validation
2019-10-15,345,0.433366111003,109.7,20.6,18.9,19.75,validation
2019-10-16,2530,3.17801814735,0.8,20.6,8.9,14.75,validation
2019-10-17,1900,2.38665394465,0,18.9,7.8,13.35,validation
2019-10-18,1570,1.97212983848,0,21.7,9.4,15.55,validation
2019-10-19,800,1.00490692406,0,25.6,11.1,18.35,validation
2019-10-20,458,0.575309214027,6.1,30.6,12.2,21.4,validation
2019-10-21,389,0.488635991826,26.4,22.8,16.7,19.75,validation
2019-10-22,481,0.604200288094,0,21.1,7.2,14.15,validation
2019-10-23,445,0.558979476511,0,23.3,5.6,14.45,validation
2019-10-24,410,0.515014798583,0,23.9,6.7,15.3,validation
2019-10-25,666,0.836585014284,47.8,19.4,14.4,16.9,validation
2019-10-26,4360,5.47674273615,23.6,24.4,13.9,19.15,validation
2019-10-27,5230,6.56957901607,0,16.1,13.3,14.7,validation
2019-10-28,5610,7.046909805,0,16.1,10,13.05,validation
2019-10-29,3670,4.61001051414,1.3,22.2,9.4,15.8,validation
2019-10-30,3850,4.83611457206,83.3,25.6,17.2,21.4,validation
2019-10-31,5550,6.9715417857,26.7,21.7,2.8,12.25,validation
2019-11-01,6330,7.95132603666,0,13.9,0.6,7.25,validation
2019-11-02,6560,8.24023677733,0,17.8,1.7,9.75,validation
2019-11-03,4940,6.2053002561,0,18.3,1.7,10,validation
2019-11-04,2380,2.98959809909,0,19.4,4.4,11.9,validation
2019-11-05,1520,1.90932315572,0,23.9,7.8,15.85,validation
2019-11-06,857,1.0765065424,0,25.6,7.8,16.7,validation
2019-11-07,678,0.851658618144,0.5,21.7,9.4,15.55,validation
2019-11-08,596,0.748655658428,0,10,1.7,5.85,validation
2019-11-09,565,0.70971551512,0,17.2,-1,8.1,validation
2019-11-10,538,0.675799906433,0,21.1,1.7,11.4,validation
2019-11-11,504,0.63309136216,14,22.8,4.4,13.6,validation
2019-11-12,550,0.690873510294,1.3,4.4,-3.2,0.6,validation
2019-11-13,622,0.78131513346,0,8.9,-5.5,1.7,validation
2019-11-14,707,0.888086494142,1,10,4.4,7.2,validation
2019-11-15,671,0.842865682559,0,14.4,1.1,7.75,validation
2019-11-16,562,0.705947114155,0,16.1,-1,7.55,validation
2019-11-17,501,0.629322961195,0,18.9,-2.1,8.4,validation
2019-11-18,465,0.584102149612,0,17.8,1.1,9.45,validation
2019-11-19,439,0.55144267458,0,24.4,2.2,13.3,validation
2019-11-20,417,0.523807734169,0,21.7,2.8,12.25,validation
2019-11-21,396,0.497428927412,0,23.3,4.4,13.85,validation
2019-11-22,386,0.484867590861,6.1,21.1,15,18.05,validation
2019-11-23,465,0.584102149612,4.6,20,3.9,11.95,validation
2019-11-24,938,1.17825336847,0,15.6,0,7.8,validation
2019-11-25,1080,1.35662434749,0,18.9,2.2,10.55,validation
2019-11-26,901,1.13177642323,1.3,23.3,11.1,17.2,validation
2019-11-27,681,0.85542701911,0.3,22.8,10,16.4,validation
2019-11-28,589,0.739862722842,0,18.3,7.8,13.05,validation
2019-11-29,986,1.23854778391,0,25,6.7,15.85,validation
2019-11-30,728,0.914465300898,6.9,23.9,13.9,18.9,validation
2019-12-01,558,0.700922579535,0,17.8,6.7,12.25,validation
2019-12-02,486,0.610480956369,0,10,-1,4.5,validation
2019-12-03,446,0.560235610166,0,15,-2.7,6.15,validation
2019-12-04,427,0.536369070719,0,20,0.6,10.3,validation
2019-12-05,412,0.517527065893,0,19.4,3.3,11.35,validation
2019-12-06,400,0.502453462032,11.9,18.9,8.9,13.9,validation
2019-12-07,467,0.586614416923,0,14.4,7.2,10.8,validation
2019-12-08,736,0.924514370139,0,18.9,8.3,13.6,validation
2019-12-09,836,1.05012773565,10.4,23.9,12.2,18.05,validation
2019-12-10,698,0.876781291246,19.6,21.7,4.4,13.05,validation
2019-12-11,1470,1.84651647297,0,12.2,0.6,6.4,validation
2019-12-12,2600,3.26594750321,0,12.8,-1,5.9,validation
2019-12-13,2380,2.98959809909,0,15,5.6,10.3,validation
2019-12-14,1570,1.97212983848,0,18.3,5,11.65,validation
2019-12-15,976,1.22598644736,0,22.2,6.1,14.15,validation
2019-12-16,780,0.979784250963,24.4,23.9,6.7,15.3,validation
2019-12-17,5820,7.31069787257,0.3,6.7,0,3.35,validation
2019-12-18,4950,6.21786159265,0,10.6,-2.7,3.95,validation
2019-12-19,3810,4.78586922586,0,12.2,-3.8,4.2,validation
2019-12-20,2410,3.02728210874,0,13.9,-2.7,5.6,validation
2019-12-21,1660,2.08518186743,15.2,11.7,7.8,9.75,validation
2019-12-22,1570,1.97212983848,37.8,10.6,8.3,9.45,validation
2019-12-23,4070,5.11246397618,0.8,13.9,10,11.95,validation
2019-12-24,4810,6.04200288094,0,22.2,6.1,14.15,validation
2019-12-25,4220,5.30088402444,0,21.7,6.1,13.9,validation
2019-12-26,2720,3.41668354182,0,21.7,12.2,16.95,validation
2019-12-27,1670,2.09774320398,2.5,22.2,15,18.6,validation
2019-12-28,1110,1.39430835714,1,21.1,16.1,18.6,validation
2019-12-29,985,1.23729165025,23.6,23.3,10.6,16.95,validation
2019-12-30,1210,1.51992172265,0,13.3,3.9,8.6,validation
2019-12-31,1240,1.5576057323,0,14.4,0.6,7.5,validation
2020-01-01,1120,1.40686969369,0,13.9,0.6,7.25,test
2020-01-02,2060,2.58763532947,105.4,20.6,9.4,15,test
2020-01-03,8040,10.0993145868,7.1,16.1,11.7,13.9,test
2020-01-04,9420,11.8327790309,0,14.4,1.1,7.75,test
2020-01-05,11300,14.1943103024,0,18.9,0,9.45,test
2020-01-06,7000,8.79293558556,0,20.6,5.6,13.1,test
2020-01-07,3170,3.9819436866,0,16.1,1.7,8.9,test
2020-01-08,1930,2.42433795431,0,18.3,-1,8.65,test
2020-01-09,1120,1.40686969369,0,21.7,3.3,12.5,test
2020-01-10,990,1.24357231853,6.9,21.7,17.2,19.45,test
2020-01-11,3830,4.81099189896,46,22.8,7.8,15.3,test
2020-01-12,6940,8.71756756626,0,15.6,5.6,10.6,test
2020-01-13,6760,8.49146350834,8.6,18.3,8.3,13.3,test
2020-01-14,8180,10.2751732986,114.6,20.6,17.8,19.2,test
2020-01-15,13200,16.5809642471,0,25,16.7,20.85,test
2020-01-16,15900,19.9725251158,13.7,18.9,11.7,15.3,test
2020-01-17,17300,21.7311122329,0,16.7,8.9,12.8,test
2020-01-18,10900,13.6918568404,24.6,21.7,10,15.85,test
2020-01-19,4840,6.07968689059,0,10.6,1.7,6.15,test
2020-01-20,3640,4.57232650449,0,7.2,-1,3.1,test
2020-01-21,2780,3.49205156112,0,6.1,-2.7,1.7,test
2020-01-22,1920,2.41177661775,0,8.3,-1.6,3.35,test
2020-01-23,1390,1.74602578056,15.5,13.9,4.4,9.15,test
2020-01-24,1390,1.74602578056,0,12.8,1.7,7.25,test
2020-01-25,1510,1.89676181917,0,14.4,-1,6.7,test
2020-01-26,1460,1.83395513642,2.3,11.1,4.4,7.75,test
2020-01-27,1240,1.5576057323,0,13.9,3.3,8.6,test
2020-01-28,1070,1.34406301094,1.3,16.7,0.6,8.65,test
2020-01-29,1180,1.48223771299,4.8,11.7,3.3,7.5,test
2020-01-30,2090,2.62531933912,0,12.8,1.7,7.25,test
2020-01-31,1970,2.47458330051,0.3,10.6,7.8,9.2,test
2020-02-01,1550,1.94700716537,0,13.9,2.2,8.05,test
2020-02-02,1100,1.38174702059,0,22.8,1.7,12.25,test
2020-02-03,904,1.13554482419,0,23.3,8.3,15.8,test
2020-02-04,804,1.00993145868,2,22.2,16.1,19.15,test
2020-02-05,1010,1.26869499163,20.8,23.3,9.4,16.35,test
2020-02-06,9170,11.5187456171,11.9,10,1.7,5.85,test
2020-02-07,12100,15.1992172265,0,12.2,-1,5.6,test
2020-02-08,14400,18.0883246332,0,16.7,2.8,9.75,test
2020-02-09,10200,12.8125632818,0,23.3,8.9,16.1,test
2020-02-10,3930,4.93660526447,28.2,23.3,16.1,19.7,test
2020-02-11,4090,5.13758664928,24.4,21.1,8.9,15,test
2020-02-12,5180,6.50677233332,50.5,25.6,10,17.8,test
2020-02-13,6790,8.529147518,10.4,14.4,5.6,10,test
2020-02-14,6690,8.40353415249,0,10.6,0.6,5.6,test
2020-02-15,5320,6.68263104503,0,18.9,-0.5,9.2,test
2020-02-16,3350,4.20804774452,5.6,16.7,8.9,12.8,test
2020-02-17,2350,2.95191408944,0.5,18.9,12.2,15.55,test
2020-02-18,1760,2.21079523294,1.3,23.9,12.8,18.35,test
2020-02-19,1810,2.2736019157,12.7,13.9,8.3,11.1,test
2020-02-20,7660,9.62198379792,61,8.9,3.3,6.1,test
2020-02-21,12100,15.1992172265,0,8.9,0,4.45,test
2020-02-22,13800,17.3346444401,0,15,-2.1,6.45,test
2020-02-23,12100,15.1992172265,0,14.4,4.4,9.4,test
2020-02-24,4520,5.67772412096,10.2,17.2,11.7,14.45,test
2020-02-25,3120,3.91913700385,0,19.4,7.2,13.3,test
2020-02-26,2330,2.92679141634,2.8,11.7,5,8.35,test
2020-02-27,1970,2.47458330051,0,11.1,0.6,5.85,test
2020-02-28,1500,1.88420048262,0,15,-0.5,7.25,test
2020-02-29,1210,1.51992172265,0,21.7,0.6,11.15,test
2020-03-01,1030,1.29381766473,0,22.2,5.6,13.9,test
2020-03-02,939,1.17950950212,1.5,23.3,14.4,18.85,test
2020-03-03,917,1.15187456171,2,24.4,17.8,21.1,test
2020-03-04,3700,4.6476945238,48,18.9,11.1,15,test
2020-03-05,10200,12.8125632818,9.7,20,6.7,13.35,test
2020-03-06,12100,15.1992172265,0,16.7,6.7,11.7,test
2020-03-07,14900,18.7163914607,0,17.8,3.3,10.55,test
2020-03-08,8860,11.129344184,0,21.7,3.9,12.8,test
2020-03-09,3340,4.19548640797,0.5,22.8,11.7,17.25,test
2020-03-10,2170,2.72581003152,7.1,26.1,16.7,21.4,test
2020-03-11,1680,2.11030454053,0,26.7,17.8,22.25,test
2020-03-12,1500,1.88420048262,0,27.8,16.7,22.25,test
2020-03-13,1310,1.64553508816,0,24.4,17.8,21.1,test
2020-03-14,1080,1.35662434749,0,26.7,16.1,21.4,test
2020-03-15,941,1.18202176943,0,25,12.8,18.9,test
2020-03-16,838,1.05264000296,0,26.7,12.2,19.45,test
2020-03-17,770,0.967222914412,0,27.8,15,21.4,test
2020-03-18,721,0.905672365313,0,27.8,18.3,23.05,test
2020-03-19,680,0.854170885455,0,28.9,21.1,25,test
2020-03-20,646,0.811462341182,8.6,28.3,16.7,22.5,test
2020-03-21,720,0.904416231658,0,17.2,11.7,14.45,test
2020-03-22,1180,1.48223771299,26.4,23.3,10.6,16.95,test
2020-03-23,1600,2.00981384813,0.3,24.4,18.3,21.35,test
2020-03-24,1630,2.04749785778,0,27.2,17.2,22.2,test
2020-03-25,1210,1.51992172265,0,27.2,15,21.1,test
2020-03-26,852,1.07022587413,0,31.1,13.3,22.2,test
2020-03-27,688,0.864219954695,0,30.6,20,25.3,test
2020-03-28,595,0.747399524773,10.7,30,20.6,25.3,test
2020-03-29,537,0.674543772778,1.5,24.4,13.9,19.15,test
2020-03-30,492,0.6180177583,0,24.4,13.9,19.15,test
2020-03-31,681,0.85542701911,8.9,21.1,7.8,14.45,test
2020-04-01,751,0.943356374965,0,23.3,5.6,14.45,test
2020-04-02,550,0.690873510294,0,23.3,8.9,16.1,test
2020-04-03,484,0.607968689059,0,24.4,13.9,19.15,test
2020-04-04,441,0.55395494189,0.3,20.6,13.9,17.25,test
2020-04-05,417,0.523807734169,0,27.2,13.9,20.55,test
2020-04-06,398,0.499941194722,0,26.7,15.6,21.15,test
2020-04-07,383,0.481099189896,0,27.2,18.9,23.05,test
2020-04-08,382,0.479843056241,0,28.9,22.8,25.85,test
2020-04-09,370,0.46476945238,0,27.2,18.3,22.75,test
2020-04-10,349,0.438390645623,0,19.4,7.8,13.6,test
2020-04-11,325,0.408243437901,0,24.4,5.6,15,test
2020-04-12,389,0.488635991826,17,28.3,14.4,21.35,test
2020-04-13,1930,2.42433795431,0,14.4,6.7,10.55,test
2020-04-14,1530,1.92188449227,0,17.8,6.1,11.95,test
2020-04-15,1410,1.77114845366,0,17.8,5,11.4,test
2020-04-16,791,0.993601721169,0,23.3,2.2,12.75,test
2020-04-17,492,0.6180177583,0,25.6,7.2,16.4,test
2020-04-18,414,0.520039333203,0.5,22.2,13.3,17.75,test
2020-04-19,460,0.577821481337,65,24.4,15.6,20,test
2020-04-20,4250,5.33856803409,0,22.8,11.7,17.25,test
2020-04-21,4160,5.22551600513,0,27.8,9.4,18.6,test
2020-04-22,3870,4.86123724516,15,25.6,13.9,19.75,test
2020-04-23,7090,8.90598761452,47.8,26.7,13.9,20.3,test
2020-04-24,10500,13.1894033783,2.3,27.2,11.1,19.15,test
2020-04-25,14300,17.9627112676,1,23.9,14.4,19.15,test
2020-04-26,13000,16.329737516,0,24.4,10.6,17.5,test
2020-04-27,3780,4.7481852162,0,25,9.4,17.2,test
2020-04-28,1990,2.49970597361,0,25.6,12.8,19.2,test
2020-04-29,1090,1.36918568404,8.1,23.9,13.3,18.6,test
2020-04-30,871,1.09409241357,0,23.9,10.6,17.25,test
2020-05-01,709,0.890598761452,0,27.8,8.9,18.35,test
2020-05-02,609,0.764985395944,0,28.3,12.8,20.55,test
2020-05-03,536,0.673287639123,0,29.4,14.4,21.9,test
2020-05-04,487,0.611737090024,0,29.4,16.1,22.75,test
2020-05-05,450,0.565260144786,0,28.3,17.8,23.05,test
2020-05-06,420,0.527576135134,0,25.6,11.1,18.35,test
2020-05-07,388,0.487379858171,0,25,7.8,16.4,test
2020-05-08,381,0.478586922586,10.4,18.3,13.9,16.1,test
2020-05-09,441,0.55395494189,0,20.6,9.4,15,test
2020-05-10,408,0.512502531273,0,24.4,6.7,15.55,test
2020-05-11,371,0.466025586035,0,24.4,10,17.2,test
2020-05-12,343,0.430853843693,0,27.8,11.7,19.75,test
2020-05-13,318,0.399450502316,0,30,16.1,23.05,test
2020-05-14,333,0.418292507142,4.8,28.3,17.8,23.05,test
2020-05-15,490,0.615505490989,1.3,30,18.9,24.45,test
2020-05-16,494,0.62053002561,4.3,28.3,20.6,24.45,test
2020-05-17,392,0.492404392791,15.2,31.1,20,25.55,test
2020-05-18,344,0.432109977348,1,27.8,16.7,22.25,test
2020-05-19,312,0.391913700385,0,26.1,14.4,20.25,test
2020-05-20,290,0.364278759973,0,28.3,16.7,22.5,test
2020-05-21,272,0.341668354182,1,30,18.3,24.15,test
2020-05-22,281,0.352973557078,0,33.3,21.1,27.2,test
2020-05-23,292,0.366791027283,5.1,31.7,19.4,25.55,test
2020-05-24,388,0.487379858171,0,32.2,18.9,25.55,test
2020-05-25,349,0.438390645623,0,32.2,19.4,25.8,test
2020-05-26,319,0.400706635971,19.3,27.8,21.1,24.45,test
2020-05-27,470,0.590382817888,35.8,30,16.7,23.35,test
2020-05-28,543,0.682080574709,0.3,28.3,16.7,22.5,test
2020-05-29,551,0.692129643949,1.3,30,19.4,24.7,test
2020-05-30,394,0.494916660102,0,30.6,18.3,24.45,test
2020-05-31,308,0.386889165765,0,30,16.1,23.05,test
2020-06-01,265,0.332875418596,0,31.1,18.9,25,test
2020-06-02,238,0.298959809909,0,32.2,20.6,26.4,test
2020-06-03,231,0.290166874324,1.3,31.7,22.2,26.95,test
2020-06-04,769,0.965966780757,3.6,31.7,21.1,26.4,test
2020-06-05,464,0.582846015957,21.3,34.4,20.6,27.5,test
2020-06-06,307,0.38563303211,0,31.7,19.4,25.55,test
2020-06-07,331,0.415780239832,11.4,31.1,23.9,27.5,test
2020-06-08,4640,5.82846015957,69.6,30,23.3,26.65,test
2020-06-09,4910,6.16761624644,0,33.9,24.4,29.15,test
2020-06-10,4620,5.80333748647,1.3,32.2,18.9,25.55,test
2020-06-11,4010,5.03709595687,0,30,17.8,23.9,test
2020-06-12,2330,2.92679141634,0,31.1,17.2,24.15,test
2020-06-13,1060,1.33150167439,0,32.2,17.2,24.7,test
2020-06-14,642,0.806437806562,0,33.3,19.4,26.35,test
2020-06-15,524,0.658214035262,0,33.9,19.4,26.65,test
2020-06-16,456,0.572796946717,0,30.6,17.8,24.2,test
2020-06-17,411,0.516270932238,0,31.7,17.2,24.45,test
2020-06-18,382,0.479843056241,0,32.2,18.3,25.25,test
2020-06-19,360,0.452208115829,0,33.9,20,26.95,test
2020-06-20,340,0.427085442727,0,33.9,20.6,27.25,test
2020-06-21,322,0.404475036936,13.5,33.9,21.1,27.5,test
2020-06-22,309,0.38814529942,5.1,29.4,20.6,25,test
2020-06-23,304,0.381864631144,0,33.3,22.2,27.75,test
2020-06-24,773,0.970991315377,0.5,29.4,22.2,25.8,test
2020-06-25,1200,1.5073603861,2.5,30.6,20.6,25.6,test
2020-06-26,1230,1.54504439575,0.3,28.3,20.6,24.45,test
2020-06-27,874,1.09786081454,3.8,32.8,25,28.9,test
2020-06-28,575,0.722276851671,0,33.3,25,29.15,test
2020-06-29,456,0.572796946717,0,33.3,24.4,28.85,test
2020-06-30,396,0.497428927412,0,32.8,25,28.9,test
2020-07-01,365,0.458488784104,10.9,32.8,22.2,27.5,test
2020-07-02,408,0.512502531273,28.2,31.7,21.7,26.7,test
2020-07-03,630,0.791364202701,0,33.3,20.6,26.95,test
2020-07-04,1180,1.48223771299,10.7,32.2,22.8,27.5,test
2020-07-05,1160,1.45711503989,0,32.8,21.7,27.25,test
2020-07-06,1530,1.92188449227,36.3,31.7,22.2,26.95,test
2020-07-07,2350,2.95191408944,7.1,30.6,23.3,26.95,test
2020-07-08,3020,3.79352363834,6.4,28.3,23.3,25.8,test
2020-07-09,3130,3.9316983404,0,33.9,23.3,28.6,test
2020-07-10,1690,2.12286587709,0,35,25.6,30.3,test
2020-07-11,963,1.20965670984,0,35,23.3,29.15,test
2020-07-12,657,0.825279811388,0,36.1,25,30.55,test
2020-07-13,522,0.655701767952,0,35.6,23.9,29.75,test
2020-07-14,450,0.565260144786,0,35.6,24.4,30,test
2020-07-15,428,0.537625204374,0,35,23.9,29.45,test
2020-07-16,460,0.577821481337,0,34.4,22.8,28.6,test
2020-07-17,626,0.78633966808,1.8,34.4,22.2,28.3,test
2020-07-18,584,0.733582054567,0,35,23.3,29.15,test
2020-07-19,447,0.561491743821,0,35.6,22.8,29.2,test
2020-07-20,382,0.479843056241,0,35.6,23.9,29.75,test
2020-07-21,343,0.430853843693,0,35.6,23.3,29.45,test
2020-07-22,319,0.400706635971,0,35,23.9,29.45,test
2020-07-23,303,0.380608497489,0.8,35,23.3,29.15,test
2020-07-24,302,0.379352363834,6.4,31.7,23.9,27.8,test
2020-07-25,360,0.452208115829,5.8,31.7,23.3,27.5,test
2020-07-26,400,0.502453462032,1.8,31.1,22.8,26.95,test
2020-07-27,360,0.452208115829,4.3,30,23.3,26.65,test
2020-07-28,366,0.459744917759,0,31.1,22.8,26.95,test
2020-07-29,367,0.461001051414,0,33.3,23.9,28.6,test
2020-07-30,361,0.453464249484,0,33.3,23.9,28.6,test
2020-07-31,333,0.418292507142,5.1,34.4,22.2,28.3,test
2020-08-01,301,0.378096230179,88.4,31.1,22.2,26.65,test
2020-08-02,280,0.351717423422,0,31.7,21.7,26.7,test
2020-08-03,272,0.341668354182,0,33.9,21.1,27.5,test
2020-08-04,263,0.330363151286,0,33.9,21.1,27.5,test
2020-08-05,253,0.317801814735,0,32.2,20.6,26.4,test
2020-08-06,245,0.307752745495,0,32.2,18.3,25.25,test
2020-08-07,238,0.298959809909,0,34.4,18.3,26.35,test
2020-08-08,232,0.291423007979,0,36.1,20.6,28.35,test
2020-08-09,226,0.283886206048,0,36.7,22.8,29.75,test
2020-08-10,222,0.278861671428,0,36.1,23.3,29.7,test
2020-08-11,219,0.275093270463,0,36.1,24.4,30.25,test
2020-08-12,393,0.493660526447,0,35.6,22.8,29.2,test
2020-08-13,499,0.626810693885,23.4,30.6,23.3,26.95,test
2020-08-14,374,0.469793987,18.3,30,22.8,26.4,test
2020-08-15,691,0.867988355661,0,34.4,21.1,27.75,test
2020-08-16,495,0.621786159265,13.5,35.6,21.1,28.35,test
2020-08-17,442,0.555211075546,0,32.8,20.6,26.7,test
2020-08-18,371,0.466025586035,0,33.9,18.9,26.4,test
2020-08-19,302,0.379352363834,0.3,32.2,21.1,26.65,test
2020-08-20,301,0.378096230179,0.3,30.6,21.1,25.85,test
2020-08-21,673,0.845377949869,11.2,30,19.4,24.7,test
2020-08-22,653,0.820255276767,0,31.7,18.9,25.3,test
2020-08-23,466,0.585358283267,0,33.9,20.6,27.25,test
2020-08-24,388,0.487379858171,0,33.3,22.2,27.75,test
2020-08-25,1710,2.14798855019,0,28.3,24.4,26.35,test
2020-08-26,3070,3.8563303211,3,34.4,24.4,29.4,test
2020-08-27,1400,1.75858711711,41.7,30,23.9,26.95,test
2020-08-28,3920,4.92404392791,0.5,30,24.4,27.2,test
2020-08-29,4160,5.22551600513,0,34.4,24.4,29.4,test
2020-08-30,1310,1.64553508816,0.5,33.9,23.3,28.6,test
2020-08-31,821,1.03128573082,0,33.9,23.9,28.9,test
2020-09-01,905,1.13680095785,0.5,34.4,25,29.7,test
2020-09-02,581,0.729813653602,0,33.9,25,29.45,test
2020-09-03,444,0.557723342856,0,33.9,22.8,28.35,test
2020-09-04,372,0.46728171969,0,35.6,22.2,28.9,test
2020-09-05,329,0.413267972521,0,33.9,22.8,28.35,test
2020-09-06,302,0.379352363834,0,35,18.9,26.95,test
2020-09-07,282,0.354229690733,0,33.9,18.9,26.4,test
2020-09-08,268,0.336643819562,0,34.4,20,27.2,test
2020-09-09,256,0.321570215701,0,34.4,22.2,28.3,test
2020-09-10,245,0.307752745495,0,34.4,20.6,27.5,test
2020-09-11,241,0.302728210874,0,34.4,22.2,28.3,test
2020-09-12,280,0.351717423422,2.8,35,22.8,28.9,test
2020-09-13,318,0.399450502316,0,33.9,23.3,28.6,test
2020-09-14,283,0.355485824388,1,32.8,23.3,28.05,test
2020-09-15,255,0.320314082045,2.8,31.7,23.9,27.8,test
2020-09-16,242,0.303984344529,0,27.8,22.8,25.3,test
2020-09-17,235,0.295191408944,0,32.8,21.1,26.95,test
2020-09-18,225,0.282630072393,0,27.8,19.4,23.6,test
2020-09-19,217,0.272581003152,0,26.7,18.9,22.8,test
2020-09-20,211,0.265044201222,0,29.4,18.3,23.85,test
2020-09-21,206,0.258763532947,0,23.3,20,21.65,test
2020-09-22,201,0.252482864671,0,26.7,18.9,22.8,test
2020-09-23,201,0.252482864671,48.8,23.9,19.4,21.65,test
2020-09-24,233,0.292679141634,43.9,24.4,18.9,21.65,test
2020-09-25,260,0.326594750321,0.3,22.8,18.9,20.85,test
2020-09-26,243,0.305240478185,0,27.8,20.6,24.2,test
2020-09-27,241,0.302728210874,0,29.4,19.4,24.4,test
2020-09-28,226,0.283886206048,2.5,26.1,15,20.55,test
2020-09-29,216,0.271324869497,0,25,11.7,18.35,test
2020-09-30,205,0.257507399291,0,27.2,10,18.6,test
2020-10-01,196,0.246202196396,0,27.2,12.2,19.7,test
2020-10-02,189,0.23740926081,0,23.9,9.4,16.65,test
2020-10-03,184,0.231128592535,0,24.4,7.8,16.1,test
2020-10-04,182,0.228616325225,0,27.2,10,18.6,test
2020-10-05,177,0.222335656949,0,25.6,12.2,18.9,test
2020-10-06,175,0.219823389639,0,28.3,11.7,20,test
2020-10-07,175,0.219823389639,0,31.1,15,23.05,test
2020-10-08,174,0.218567255984,17.3,27.8,18.9,23.35,test
2020-10-09,217,0.272581003152,10.7,26.1,20,23.05,test
2020-10-10,268,0.336643819562,21.1,25,20.6,22.8,test
2020-10-11,285,0.357998091698,0,25,17.2,21.1,test
2020-10-12,243,0.305240478185,0,31.1,16.7,23.9,test
2020-10-13,219,0.275093270463,0,26.7,11.7,19.2,test
2020-10-14,198,0.248714463706,0,27.8,8.9,18.35,test
2020-10-15,186,0.233640859845,0,28.9,12.8,20.85,test
2020-10-16,179,0.224847924259,0.5,21.1,10,15.55,test
2020-10-17,174,0.218567255984,0,23.3,8.3,15.8,test
2020-10-18,170,0.213542721364,0,27.2,11.1,19.15,test
2020-10-19,168,0.211030454053,0,28.3,15,21.65,test
2020-10-20,167,0.209774320398,0,30,15.6,22.8,test
2020-10-21,164,0.206005919433,0,31.1,17.8,24.45,test
2020-10-22,162,0.203493652123,0,30,18.9,24.45,test
2020-10-23,165,0.207262053088,23.6,31.1,17.8,24.45,test
2020-10-24,189,0.23740926081,1.5,21.1,12.8,16.95,test
2020-10-25,285,0.357998091698,0,19.4,12.8,16.1,test
2020-10-26,270,0.339156086872,0,24.4,15.6,20,test
2020-10-27,270,0.339156086872,12.7,27.8,15.6,21.7,test
2020-10-28,605,0.759960861324,48.3,26.1,20,23.05,test
2020-10-29,3740,4.69793987,0.8,20,10,15,test
2020-10-30,3480,4.37134511968,0,16.7,8.3,12.5,test
2020-10-31,2200,2.76349404118,0,21.7,5,13.35,test
2020-11-01,1330,1.67065776126,0,22.2,7.2,14.7,test
2020-11-02,638,0.801413271941,0,17.2,3.9,10.55,test
2020-11-03,457,0.574053080372,0,22.8,2.8,12.8,test
2020-11-04,387,0.486123724516,0,24.4,4.4,14.4,test
2020-11-05,347,0.435878378313,0,23.9,6.7,15.3,test
2020-11-06,321,0.403218903281,0,26.1,10,18.05,test
2020-11-07,304,0.381864631144,0,27.2,15,21.1,test
2020-11-08,291,0.365534893628,0,27.2,18.9,23.05,test
2020-11-09,282,0.354229690733,0,26.1,16.1,21.1,test
2020-11-10,276,0.346692888802,0.3,25,20,22.5,test
2020-11-11,276,0.346692888802,0,26.1,14.4,20.25,test
2020-11-12,275,0.345436755147,0,25,9.4,17.2,test
2020-11-13,266,0.334131552251,0,25,8.3,16.65,test
2020-11-14,257,0.322826349356,0,27.2,9.4,18.3,test
2020-11-15,251,0.315289547425,0.8,21.7,4.4,13.05,test
2020-11-16,243,0.305240478185,0,20,2.2,11.1,test
2020-11-17,235,0.295191408944,0,21.1,3.3,12.2,test
2020-11-18,232,0.291423007979,0,22.2,5,13.6,test
2020-11-19,229,0.287654607013,0,22.2,3.9,13.05,test
2020-11-20,228,0.286398473358,0,25.6,9.4,17.5,test
2020-11-21,236,0.296447542599,0,25,7.8,16.4,test
2020-11-22,228,0.286398473358,0,24.4,9.4,16.9,test
2020-11-23,224,0.281373938738,0,17.8,5.6,11.7,test
2020-11-24,221,0.277605537773,0,23.3,1.1,12.2,test
2020-11-25,238,0.298959809909,10.4,23.3,11.7,17.5,test
2020-11-26,296,0.371815561904,0,21.7,6.7,14.2,test
2020-11-27,307,0.38563303211,13.2,20.6,11.7,16.15,test
2020-11-28,571,0.717252317051,0.3,16.1,11.1,13.6,test
2020-11-29,1110,1.39430835714,42.2,13.9,6.7,10.3,test
2020-11-30,2790,3.50461289767,0,8.3,-1.6,3.35,test
2020-12-01,2770,3.47949022457,0,12.8,-2.7,5.05,test
2020-12-02,2170,2.72581003152,0,16.1,-2.7,6.7,test
2020-12-03,1140,1.43199236679,8.6,13.9,5.6,9.75,test
2020-12-04,773,0.970991315377,0.5,12.2,1.7,6.95,test
2020-12-05,835,1.04887160199,0,15,-0.5,7.25,test
2020-12-06,746,0.93707570669,0.3,12.2,2.2,7.2,test
2020-12-07,651,0.817743009457,0,12.8,0,6.4,test
2020-12-08,542,0.680824441054,0,18.9,-0.5,9.2,test
2020-12-09,471,0.591638951543,0,22.2,0.6,11.4,test
2020-12-10,425,0.533856803409,0,23.9,2.8,13.35,test
2020-12-11,395,0.496172793757,2,20.6,6.7,13.65,test
2020-12-12,378,0.47481852162,13.7,18.9,6.1,12.5,test
2020-12-13,424,0.532600669754,23.4,19.4,5,12.2,test
2020-12-14,626,0.78633966808,0.5,8.9,3.9,6.4,test
2020-12-15,976,1.22598644736,1.5,7.2,3.3,5.25,test
2020-12-16,1250,1.57016706885,4.3,7.2,2.8,5,test
2020-12-17,926,1.1631797646,0,10,-0.5,4.75,test
2020-12-18,752,0.94461250862,0,14.4,-2.7,5.85,test
2020-12-19,655,0.822767544078,6.4,17.2,1.7,9.45,test
2020-12-20,553,0.694641911259,0,13.9,5,9.45,test
2020-12-21,505,0.634347495816,0,18.9,2.2,10.55,test
2020-12-22,467,0.586614416923,0,21.1,1.7,11.4,test
2020-12-23,434,0.545162006305,40.4,18.9,6.1,12.5,test
2020-12-24,892,1.12047122033,10.7,16.7,0.6,8.65,test
2020-12-25,2600,3.26594750321,0,6.7,-3.2,1.75,test
2020-12-26,3250,4.08243437901,0,15.6,-3.2,6.2,test
2020-12-27,2440,3.0649661184,0,18.9,1.1,10,test
2020-12-28,1270,1.59528974195,0,18.3,9.4,13.85,test
2020-12-29,753,0.945868642276,0,21.1,6.7,13.9,test
2020-12-30,616,0.773778331529,0,22.2,13.3,17.75,test
2020-12-31,550,0.690873510294,15.7,23.3,17.2,20.25,test
