timestamp,air_c,module_c,poa_w_m2,power_kw,split
2024-01-01 07:40:00,-11.9,3276.7,90.93,51,train
2024-01-01 07:45:00,-11.5,3276.7,165.28,96,train
2024-01-01 07:50:00,-11.2,3276.7,191.87,145,train
2024-01-01 07:55:00,-11,3276.7,218.47,212,train
2024-01-01 08:00:00,-10.6,3276.7,239.42,278,train
2024-01-01 08:05:00,-10,3276.7,257.87,349,train
2024-01-01 08:10:00,-9.6,3276.7,275.54,418,train
2024-01-01 08:15:00,-9.3,3276.7,290.35,469,train
2024-01-01 08:20:00,-9.1,3276.7,305.83,541,train
2024-01-01 08:25:00,-8.6,3276.7,319.57,614,train
2024-01-01 08:30:00,-8.4,3276.7,332.96,688,train
2024-01-01 08:35:00,-8,3276.7,341.42,751,train
2024-01-01 08:40:00,-7.2,3276.7,350.33,793,train
2024-01-01 08:45:00,-6.3,3276.7,359.38,872,train
2024-01-01 08:50:00,-5.7,3276.7,368.86,945,train
2024-01-01 08:55:00,-5.5,3276.7,374.03,996,train
2024-01-01 09:00:00,-5.3,3276.7,380.83,1054,train
2024-01-01 09:05:00,-4.9,3276.7,387.19,1068,train
2024-01-01 09:10:00,-4.3,3276.7,393.53,1071,train
2024-01-01 09:15:00,-3.7,3276.7,400.39,1070,train
2024-01-01 09:20:00,-3.4,3276.7,405.38,1066,train
2024-01-01 09:25:00,-3.3,3276.7,410.71,1066,train
2024-01-01 09:30:00,-3.1,3276.7,414.12,1062,train
2024-01-01 09:35:00,-2.8,3276.7,417.32,1051,train
2024-01-01 09:40:00,-2.5,3276.7,422.09,1041,train
2024-01-01 09:45:00,-2.1,3276.7,424.39,1036,train
2024-01-01 09:50:00,-1.8,3276.7,427.75,1019,train
2024-01-01 09:55:00,-1.4,3276.7,435.79,1007,train
2024-01-01 10:00:00,-0.9,3276.7,450.06,991,train
2024-01-01 10:05:00,-0.3,3276.7,512.39,979,train
2024-01-01 10:10:00,0.1,3276.7,623.03,965,train
2024-01-01 10:15:00,0.5,3276.7,687.83,946,train
2024-01-01 10:20:00,0.9,3276.7,633.84,930,train
2024-01-01 10:25:00,1,3276.7,575.06,915,train
2024-01-01 10:30:00,1.3,3276.7,545.15,900,train
2024-01-01 10:35:00,1.5,3276.7,503.9,880,train
2024-01-01 10:40:00,1.9,3276.7,474.77,860,train
2024-01-01 10:45:00,2.3,3276.7,454.15,851,train
2024-01-01 10:50:00,2.8,3276.7,272.88,657,train
2024-01-01 10:55:00,3.4,3276.7,444.63,813,train
2024-01-01 11:00:00,3.8,3276.7,436.31,800,train
2024-01-01 11:05:00,4,3276.7,429.69,787,train
2024-01-01 11:10:00,4.4,3276.7,423.91,771,train
2024-01-01 11:15:00,4.9,3276.7,426.44,760,train
2024-01-01 11:20:00,5.4,3276.7,421.88,752,train
2024-01-01 11:25:00,5.7,3276.7,417.56,743,train
2024-01-01 11:30:00,6,3276.7,415.67,738,train
2024-01-01 11:35:00,6.2,3276.7,411.43,730,train
2024-01-01 11:40:00,6.4,3276.7,415.33,724,train
2024-01-01 11:45:00,6.9,3276.7,412.42,725,train
2024-01-01 11:50:00,7.1,3276.7,415.31,722,train
2024-01-01 11:55:00,7.3,3276.7,416.51,724,train
2024-01-01 12:00:00,7.6,3276.7,421.85,733,train
2024-01-01 12:05:00,7.8,3276.7,418.88,737,train
2024-01-01 12:10:00,8,3276.7,425,737,train
2024-01-01 12:15:00,8.1,3276.7,417.93,736,train
2024-01-01 12:20:00,8.2,3276.7,436.09,757,train
2024-01-01 12:25:00,8.3,3276.7,437.71,765,train
2024-01-01 12:30:00,8.7,3276.7,444.11,775,train
2024-01-01 12:35:00,9,3276.7,449.72,789,train
2024-01-01 12:40:00,9.4,3276.7,330.15,579,train
2024-01-01 12:45:00,9.8,3276.7,437.89,779,train
2024-01-01 12:50:00,9.7,3276.7,474.97,839,train
2024-01-01 12:55:00,9.8,3276.7,425.06,768,train
2024-01-01 13:00:00,9.9,3276.7,456.24,818,train
2024-01-01 13:05:00,9.9,3276.7,459.04,825,train
2024-01-01 13:10:00,10.1,3276.7,482.11,849,train
2024-01-01 13:15:00,10.4,3276.7,493.55,886,train
2024-01-01 13:20:00,10.5,3276.7,499.97,889,train
2024-01-01 13:25:00,10.6,3276.7,516.38,923,train
2024-01-01 13:30:00,10.7,3276.7,532.78,951,train
2024-01-01 13:35:00,10.9,3276.7,543.15,973,train
2024-01-01 13:40:00,11.1,3276.7,542.31,976,train
2024-01-01 13:45:00,11.3,3276.7,557.8,986,train
2024-01-01 13:50:00,11.3,3276.7,567.66,1020,train
2024-01-01 13:55:00,11.4,3276.7,578.49,1035,train
2024-01-01 14:00:00,11.5,3276.7,599.32,1068,train
2024-01-01 14:05:00,11.6,3276.7,628.44,1118,train
2024-01-01 14:10:00,11.7,3276.7,647.59,1152,train
2024-01-01 14:15:00,11.9,3276.7,678.78,1188,train
2024-01-01 14:20:00,12,3276.7,717.72,1259,train
2024-01-01 14:25:00,12,3276.7,345.04,702,train
2024-01-01 14:30:00,12.2,3276.7,571.35,1021,train
2024-01-01 14:35:00,12.3,3276.7,491.48,884,train
2024-01-01 14:40:00,12.4,3276.7,414.75,823,train
2024-01-01 14:45:00,12.6,3276.7,173.18,291,train
2024-01-01 14:50:00,12.8,3276.7,137.14,214,train
2024-01-01 14:55:00,12.6,3276.7,112.16,170,train
2024-01-01 15:00:00,12.4,3276.7,98.28,149,train
2024-01-01 15:05:00,12.4,3276.7,92.58,134,train
2024-01-01 15:10:00,12.1,3276.7,90.09,129,train
2024-01-01 15:15:00,11.5,3276.7,88.8,131,train
2024-01-01 15:20:00,11,3276.7,86.28,126,train
2024-01-01 15:25:00,11,3276.7,80.15,115,train
2024-01-01 15:30:00,10.9,3276.7,77.58,109,train
2024-01-01 15:35:00,10.6,3276.7,76.66,114,train
2024-01-01 15:40:00,10.3,3276.7,79.75,118,train
2024-01-01 15:45:00,10.1,3276.7,75.81,109,train
2024-01-01 15:50:00,9.9,3276.7,72.96,107,train
2024-01-01 15:55:00,9.8,3276.7,64.05,90,train
2024-01-02 07:45:00,-9.8,3276.7,270.52,106,train
2024-01-02 07:50:00,-9.6,3276.7,301.27,157,train
2024-01-02 07:55:00,-9.1,3276.7,328.77,223,train
2024-01-02 08:00:00,-8.7,3276.7,354.53,297,train
2024-01-02 08:05:00,-8.3,3276.7,377.74,375,train
2024-01-02 08:10:00,-7.9,3276.7,400.69,441,train
2024-01-02 08:15:00,-7.4,3276.7,426.29,495,train
2024-01-02 08:20:00,-7.1,3276.7,443.66,566,train
2024-01-02 08:25:00,-6.8,3276.7,466.47,641,train
2024-01-02 08:30:00,-6.5,3276.7,485.29,709,train
2024-01-02 08:35:00,-5.9,3276.7,511.43,775,train
2024-01-02 08:40:00,-5.1,3276.7,544.22,829,train
2024-01-02 08:45:00,-4.6,3276.7,571.01,893,train
2024-01-02 08:50:00,-4.4,3276.7,604.14,968,train
2024-01-02 08:55:00,-4.3,3276.7,617.79,1041,train
2024-01-02 09:00:00,-4.3,3276.7,617.16,1083,train
2024-01-02 09:05:00,-4,3276.7,609.16,1085,train
2024-01-02 09:10:00,-3.6,3276.7,598.38,1088,train
2024-01-02 09:15:00,-3.3,3276.7,593.08,1087,train
2024-01-02 09:20:00,-3,3276.7,582,1078,train
2024-01-02 09:25:00,-2.6,3276.7,575.34,1070,train
2024-01-02 09:30:00,-2.3,3276.7,570.66,1064,train
2024-01-02 09:35:00,-2,3276.7,563.09,1055,train
2024-01-02 09:40:00,-1.6,3276.7,559.1,1048,train
2024-01-02 09:45:00,-1.1,3276.7,555.86,1033,train
2024-01-02 09:50:00,-0.8,3276.7,548.22,1015,train
2024-01-02 09:55:00,-0.7,3276.7,540.49,1005,train
2024-01-02 10:00:00,-0.6,3276.7,532.84,990,train
2024-01-02 10:05:00,-0.4,3276.7,522.57,978,train
2024-01-02 10:10:00,0,3276.7,520.79,967,train
2024-01-02 10:15:00,0.2,3276.7,510.8,951,train
2024-01-02 10:20:00,0.3,3276.7,502.36,934,train
2024-01-02 10:25:00,1,3276.7,496.92,916,train
2024-01-02 10:30:00,1.3,3276.7,486.73,897,train
2024-01-02 10:35:00,1.4,3276.7,473.14,877,train
2024-01-02 10:40:00,1.7,3276.7,469.97,865,train
2024-01-02 10:45:00,2.2,3276.7,458.05,840,train
2024-01-02 10:50:00,2.7,3276.7,447.3,829,train
2024-01-02 10:55:00,3.2,3276.7,438.09,809,train
2024-01-02 11:00:00,3.3,3276.7,430.86,798,train
2024-01-02 11:05:00,3.3,3276.7,430.25,784,train
2024-01-02 11:10:00,3.6,3276.7,425.11,773,train
2024-01-02 11:15:00,4,3276.7,421.84,762,train
2024-01-02 11:20:00,4.4,3276.7,418.77,755,train
2024-01-02 11:25:00,4.6,3276.7,420.76,746,train
2024-01-02 11:30:00,5,3276.7,419.5,740,train
2024-01-02 11:35:00,5.2,3276.7,414.85,735,train
2024-01-02 11:40:00,5.2,3276.7,412.03,731,train
2024-01-02 11:45:00,5.6,3276.7,410.36,730,train
2024-01-02 11:50:00,5.9,3276.7,414.8,727,train
2024-01-02 11:55:00,6.1,3276.7,414.74,734,train
2024-01-02 12:00:00,6.3,3276.7,412.69,735,train
2024-01-02 12:05:00,6.2,3276.7,417.74,737,train
2024-01-02 12:10:00,6.2,3276.7,422.89,742,train
2024-01-02 12:15:00,6.1,3276.7,418.67,745,train
2024-01-02 12:20:00,6.1,3276.7,425.2,757,train
2024-01-02 12:25:00,6.4,3276.7,428.33,759,train
2024-01-02 12:30:00,6.5,3276.7,435.58,774,train
2024-01-02 12:35:00,6.8,3276.7,442.41,780,train
2024-01-02 12:40:00,7.2,3276.7,441.08,789,train
2024-01-02 12:45:00,7.6,3276.7,448.89,799,train
2024-01-02 12:50:00,7.5,3276.7,455.94,814,train
2024-01-02 12:55:00,7.2,3276.7,462.95,822,train
2024-01-02 13:00:00,7.4,3276.7,465.88,836,train
2024-01-02 13:05:00,7.4,3276.7,474.16,849,train
2024-01-02 13:10:00,7.3,3276.7,479.5,859,train
2024-01-02 13:15:00,7.6,3276.7,482.78,884,train
2024-01-02 13:20:00,7.6,3276.7,494.28,893,train
2024-01-02 13:25:00,7.2,3276.7,504.89,910,train
2024-01-02 13:30:00,7.7,3276.7,516.92,933,train
2024-01-02 13:35:00,8.6,3276.7,529.25,954,train
2024-01-02 13:40:00,8.7,3276.7,537.49,969,train
2024-01-02 13:45:00,8.5,3276.7,547.27,991,train
2024-01-02 13:50:00,8.8,3276.7,554.57,1005,train
2024-01-02 13:55:00,8.9,3276.7,557.84,1014,train
2024-01-02 14:00:00,8.6,3276.7,569.26,1037,train
2024-01-02 14:05:00,8.1,3276.7,577.45,1055,train
2024-01-02 14:10:00,8.1,3276.7,584.12,1059,train
2024-01-02 14:15:00,8.4,3276.7,592.5,1072,train
2024-01-02 14:20:00,8.8,3276.7,599.27,1086,train
2024-01-02 14:25:00,8.9,3276.7,603.22,1094,train
2024-01-02 14:30:00,8.8,3276.7,604.48,1094,train
2024-01-02 14:35:00,9,3276.7,608.51,1097,train
2024-01-02 14:40:00,9.4,3276.7,612.11,1106,train
2024-01-02 14:45:00,9.6,3276.7,614.75,1102,train
2024-01-02 14:50:00,9.6,3276.7,617.56,1108,train
2024-01-02 14:55:00,9.8,3276.7,614.56,1100,train
2024-01-02 15:00:00,10,3276.7,608.24,1091,train
2024-01-02 15:05:00,9.9,3276.7,606.38,1072,train
2024-01-02 15:10:00,9.7,3276.7,600.66,1006,train
2024-01-02 15:15:00,9.6,3276.7,593.73,936,train
2024-01-02 15:20:00,9.7,3276.7,584.8,862,train
2024-01-02 15:25:00,9.5,3276.7,573.59,791,train
2024-01-02 15:30:00,9.4,3276.7,559.42,739,train
2024-01-02 15:35:00,9.4,3276.7,547.01,659,train
2024-01-02 15:40:00,9.4,3276.7,422.27,578,train
2024-01-02 15:45:00,9.5,3276.7,400.32,509,train
2024-01-02 15:50:00,9.3,3276.7,378.9,451,train
2024-01-02 15:55:00,9,3276.7,356.94,383,train
2024-01-02 16:00:00,8.8,3276.7,332.64,317,train
2024-01-02 16:05:00,8.8,3276.7,302.97,250,train
2024-01-02 16:10:00,8.6,3276.7,273.38,201,train
2024-01-02 16:15:00,8.3,3276.7,241.89,139,train
2024-01-02 16:20:00,8,3276.7,209.23,86,train
2024-01-02 16:25:00,7.5,3276.7,171.33,47,train
2024-01-02 16:30:00,7,3276.7,127.46,16,train
2024-01-03 07:40:00,-11,3276.7,133.32,58,train
2024-01-03 07:45:00,-10.9,3276.7,251.62,106,train
2024-01-03 07:50:00,-10.8,3276.7,287.29,152,train
2024-01-03 07:55:00,-10.6,3276.7,313.93,217,train
2024-01-03 08:00:00,-10.4,3276.7,344.13,283,train
2024-01-03 08:05:00,-10,3276.7,362.72,351,train
2024-01-03 08:10:00,-9.6,3276.7,380.36,415,train
2024-01-03 08:15:00,-9.1,3276.7,394.99,470,train
2024-01-03 08:20:00,-8.8,3276.7,407.47,541,train
2024-01-03 08:25:00,-8.4,3276.7,415.73,607,train
2024-01-03 08:30:00,-8,3276.7,428.46,673,train
2024-01-03 08:35:00,-7.9,3276.7,441.87,743,train
2024-01-03 08:40:00,-7.8,3276.7,460.65,785,train
2024-01-03 08:45:00,-7.6,3276.7,478.82,853,train
2024-01-03 08:50:00,-7.4,3276.7,498.55,921,train
2024-01-03 08:55:00,-7.1,3276.7,521.16,995,train
2024-01-03 09:00:00,-6.9,3276.7,540.98,1041,train
2024-01-03 09:05:00,-6.5,3276.7,559.86,1049,train
2024-01-03 09:10:00,-6,3276.7,570.17,1042,train
2024-01-03 09:15:00,-5.6,3276.7,582.59,1049,train
2024-01-03 09:20:00,-5.2,3276.7,607.99,1050,train
2024-01-03 09:25:00,-5,3276.7,625.37,1042,train
2024-01-03 09:30:00,-4.9,3276.7,642.13,1046,train
2024-01-03 09:35:00,-4.7,3276.7,652.42,1035,train
2024-01-03 09:40:00,-4.3,3276.7,649.89,1032,train
2024-01-03 09:45:00,-4,3276.7,648.93,1019,train
2024-01-03 09:50:00,-4,3276.7,640.6,1006,train
2024-01-03 09:55:00,-3.6,3276.7,620.59,994,train
2024-01-03 10:00:00,-2.9,3276.7,597.32,982,train
2024-01-03 10:05:00,-2.1,3276.7,582.63,965,train
2024-01-03 10:10:00,-1.6,3276.7,554.55,946,train
2024-01-03 10:15:00,-1.3,3276.7,547.3,934,train
2024-01-03 10:20:00,-1,3276.7,525.82,910,train
2024-01-03 10:25:00,-0.7,3276.7,513.52,901,train
2024-01-03 10:30:00,-0.5,3276.7,496.58,881,train
2024-01-03 10:35:00,-0.2,3276.7,484.54,867,train
2024-01-03 10:40:00,0.3,3276.7,483.13,856,train
2024-01-03 10:45:00,0.7,3276.7,465.47,838,train
2024-01-03 10:50:00,1,3276.7,451.53,823,train
2024-01-03 10:55:00,1.3,3276.7,443.15,810,train
2024-01-03 11:00:00,1.5,3276.7,440.03,796,train
2024-01-03 11:05:00,1.7,3276.7,434.6,787,train
2024-01-03 11:10:00,2.3,3276.7,428.59,773,train
2024-01-03 11:15:00,3,3276.7,425.08,762,train
2024-01-03 11:20:00,3.3,3276.7,419.75,759,train
2024-01-03 11:25:00,3.5,3276.7,421.74,742,train
2024-01-03 11:30:00,3.6,3276.7,417.75,735,train
2024-01-03 11:35:00,3.8,3276.7,415.11,732,train
2024-01-03 11:40:00,4.3,3276.7,411.59,727,train
2024-01-03 11:45:00,4.6,3276.7,413.62,725,train
2024-01-03 11:50:00,4.6,3276.7,414.21,723,train
2024-01-03 11:55:00,4.6,3276.7,414.46,730,train
2024-01-03 12:00:00,5.3,3276.7,406.53,725,train
2024-01-03 12:05:00,6.1,3276.7,420.5,733,train
2024-01-03 12:10:00,6.5,3276.7,427.61,743,train
2024-01-03 12:15:00,7,3276.7,431.51,746,train
2024-01-03 12:20:00,7.1,3276.7,429.85,751,train
2024-01-03 12:25:00,7.1,3276.7,435.81,759,train
2024-01-03 12:30:00,7.3,3276.7,444.28,773,train
2024-01-03 12:35:00,7.5,3276.7,439.89,776,train
2024-01-03 12:40:00,7.5,3276.7,451.28,796,train
2024-01-03 12:45:00,7.3,3276.7,458.73,0,train
2024-01-03 12:50:00,7.4,3276.7,464.42,0,train
2024-01-03 12:55:00,7.5,3276.7,472.4,0,train
2024-01-03 13:00:00,7.6,3276.7,478.09,0,train
2024-01-03 13:05:00,7.6,3276.7,487.32,0,train
2024-01-03 13:10:00,7.6,3276.7,495.34,0,train
2024-01-03 13:15:00,7.9,3276.7,501.49,0,train
2024-01-03 13:20:00,8.2,3276.7,509.6,0,train
2024-01-03 13:25:00,8.3,3276.7,520.43,0,train
2024-01-03 13:30:00,8.2,3276.7,532.78,0,train
2024-01-03 13:35:00,8.1,3276.7,546.03,0,train
2024-01-03 13:40:00,8.2,3276.7,557.53,0,train
2024-01-03 13:45:00,8.3,3276.7,568.74,0,train
2024-01-03 13:50:00,8.3,3276.7,581.6,0,train
2024-01-03 13:55:00,8.4,3276.7,590.86,0,train
2024-01-03 14:00:00,8.5,3276.7,597.66,0,train
2024-01-03 14:05:00,8.5,3276.7,606.92,0,train
2024-01-03 14:10:00,8.2,3276.7,614.92,0,train
2024-01-03 14:15:00,7.9,3276.7,622.09,0,train
2024-01-03 14:20:00,7.7,3276.7,628.31,0,train
2024-01-03 14:25:00,7.7,3276.7,640.89,0,train
2024-01-03 14:30:00,7.7,3276.7,552.11,0,train
2024-01-03 14:35:00,7.6,3276.7,663.86,0,train
2024-01-03 14:40:00,7.6,3276.7,572.95,0,train
2024-01-03 14:45:00,7.5,3276.7,601.64,0,train
2024-01-03 14:50:00,7.4,3276.7,637.18,0,train
2024-01-03 14:55:00,7.5,3276.7,496.18,0,train
2024-01-03 15:00:00,7.6,3276.7,484.05,0,train
2024-01-03 15:05:00,7.7,3276.7,342.58,0,train
2024-01-03 15:10:00,7.6,3276.7,435.76,0,train
2024-01-03 15:15:00,7.3,3276.7,437.31,0,train
2024-01-03 15:20:00,7.1,3276.7,332.96,0,train
2024-01-03 15:25:00,7.1,3276.7,344.04,0,train
2024-01-03 15:30:00,6.9,3276.7,359.4,0,train
2024-01-03 15:35:00,6.8,3276.7,337.35,0,train
2024-01-03 15:40:00,6.7,3276.7,283.14,0,train
2024-01-03 15:45:00,6.6,3276.7,270.32,0,train
2024-01-03 15:50:00,6.4,3276.7,327.76,0,train
2024-01-03 15:55:00,6.3,3276.7,267.38,0,train
2024-01-03 16:00:00,6.2,3276.7,264.19,0,train
2024-01-03 16:05:00,6,3276.7,89.76,0,train
2024-01-03 16:10:00,5.7,3276.7,74.09,0,train
2024-01-04 10:05:00,-4.3,3276.7,50.36,0,train
2024-01-04 10:10:00,-4.2,3276.7,59.16,0,train
2024-01-04 10:15:00,-4.3,3276.7,58.36,0,train
2024-01-04 10:20:00,-4.3,3276.7,65.92,0,train
2024-01-04 10:25:00,-4.2,3276.7,81.77,0,train
2024-01-04 10:30:00,-4.2,3276.7,65.7,0,train
2024-01-04 10:35:00,-4.2,3276.7,54.35,0,train
2024-01-04 10:40:00,-4.2,3276.7,54.96,0,train
2024-01-04 10:45:00,-4.1,3276.7,54.66,0,train
2024-01-04 10:50:00,-4.1,3276.7,55.05,0,train
2024-01-04 10:55:00,-3.9,3276.7,69.22,0,train
2024-01-04 11:00:00,-3.7,3276.7,110.29,0,train
2024-01-04 11:05:00,-3.7,3276.7,115.37,0,train
2024-01-04 11:10:00,-3.9,3276.7,115.52,0,train
2024-01-04 11:15:00,-3.9,3276.7,145.42,0,train
2024-01-04 11:20:00,-3.8,3276.7,156.2,0,train
2024-01-04 11:25:00,-3.7,3276.7,165.47,0,train
2024-01-04 11:30:00,-3.7,3276.7,165.62,0,train
2024-01-04 11:35:00,-3.6,3276.7,159.85,0,train
2024-01-04 11:40:00,-3.5,3276.7,123.15,0,train
2024-01-04 11:45:00,-3.4,3276.7,116.7,0,train
2024-01-04 11:50:00,-3.4,3276.7,130.18,0,train
2024-01-04 11:55:00,-3.3,3276.7,118.99,0,train
2024-01-04 12:00:00,-3.1,3276.7,104.84,0,train
2024-01-04 12:05:00,-3,3276.7,106.93,0,train
2024-01-04 12:10:00,-3,3276.7,139.48,0,train
2024-01-04 12:15:00,-3,3276.7,102.52,0,train
2024-01-04 12:20:00,-2.8,3276.7,86.47,0,train
2024-01-04 12:25:00,-2.6,3276.7,95.76,0,train
2024-01-04 12:30:00,-2.6,3276.7,110.13,0,train
2024-01-04 12:35:00,-2.8,3276.7,101.28,0,train
2024-01-04 12:40:00,-2.9,3276.7,100.99,0,train
2024-01-04 12:45:00,-2.7,3276.7,91.35,0,train
2024-01-04 12:50:00,-2.6,3276.7,91.99,0,train
2024-01-04 12:55:00,-2.6,3276.7,96.68,0,train
2024-01-04 13:00:00,-2.7,3276.7,96.12,0,train
2024-01-04 13:05:00,-2.7,3276.7,88.65,0,train
2024-01-04 13:10:00,-2.7,3276.7,73.25,0,train
2024-01-04 13:15:00,-2.7,3276.7,79.64,0,train
2024-01-04 13:20:00,-2.7,3276.7,99.79,0,train
2024-01-04 13:25:00,-2.6,3276.7,96.95,0,train
2024-01-04 13:30:00,-2.6,3276.7,87.42,0,train
2024-01-04 13:35:00,-2.6,3276.7,80.35,0,train
2024-01-04 13:40:00,-2.5,3276.7,81.23,0,train
2024-01-04 13:45:00,-2.4,3276.7,111.56,0,train
2024-01-04 13:50:00,-2.4,3276.7,80.3,0,train
2024-01-05 07:45:00,-8.3,3276.7,83.38,0,validation
2024-01-05 07:50:00,-7.6,3276.7,87.66,0,validation
2024-01-05 07:55:00,-7,3276.7,95.11,0,validation
2024-01-05 08:25:00,-6.8,3276.7,54.67,0,validation
2024-01-05 08:35:00,-6.4,3276.7,57.17,0,validation
2024-01-05 08:40:00,-6,3276.7,66.14,0,validation
2024-01-05 08:45:00,-5.8,3276.7,73.36,0,validation
2024-01-05 08:50:00,-5.6,3276.7,92.39,0,validation
2024-01-05 08:55:00,-5.5,3276.7,109.72,0,validation
2024-01-05 09:00:00,-5.1,3276.7,134.21,0,validation
2024-01-05 09:05:00,-4.8,3276.7,118.31,0,validation
2024-01-05 09:10:00,-4.7,3276.7,105.62,0,validation
2024-01-05 09:15:00,-4.5,3276.7,99.69,0,validation
2024-01-05 09:20:00,-4.2,3276.7,112.08,0,validation
2024-01-05 09:25:00,-3.9,3276.7,116.69,0,validation
2024-01-05 09:30:00,-3.7,3276.7,100.27,0,validation
2024-01-05 09:35:00,-3.3,3276.7,105,0,validation
2024-01-05 09:40:00,-2.9,3276.7,103.27,0,validation
2024-01-05 09:45:00,-2.4,3276.7,131.71,0,validation
2024-01-05 09:50:00,-1.9,3276.7,156.9,0,validation
2024-01-05 09:55:00,-1.7,3276.7,154.31,0,validation
2024-01-05 10:00:00,-1.9,3276.7,170.07,0,validation
2024-01-05 10:05:00,-1.9,3276.7,162.81,0,validation
2024-01-05 10:10:00,-1.6,3276.7,304.02,0,validation
2024-01-05 10:15:00,-1.2,3276.7,274.6,0,validation
2024-01-05 10:20:00,-0.7,3276.7,548.27,0,validation
2024-01-05 10:25:00,-0.3,3276.7,473.73,0,validation
2024-01-05 10:30:00,0.4,3276.7,363.92,616,validation
2024-01-05 10:35:00,0.8,3276.7,608.61,1014,validation
2024-01-05 10:40:00,1.1,3276.7,515.79,872,validation
2024-01-05 10:45:00,1.8,3276.7,398.2,761,validation
2024-01-05 10:50:00,2.1,3276.7,493.6,783,validation
2024-01-05 10:55:00,1.9,3276.7,510.35,890,validation
2024-01-05 11:00:00,2.2,3276.7,492.88,897,validation
2024-01-05 11:05:00,2.5,3276.7,461.42,843,validation
2024-01-05 11:10:00,2.9,3276.7,448.9,743,validation
2024-01-05 11:15:00,3.1,3276.7,440.14,790,validation
2024-01-05 11:20:00,3.1,3276.7,420.19,757,validation
2024-01-05 11:25:00,3.1,3276.7,458.63,820,validation
2024-01-05 11:30:00,3,3276.7,458.03,820,validation
2024-01-05 11:35:00,3,3276.7,425.4,757,validation
2024-01-05 11:40:00,3.3,3276.7,456.95,804,validation
2024-01-05 11:45:00,3.6,3276.7,464.97,817,validation
2024-01-05 11:50:00,3.7,3276.7,531.62,857,validation
2024-01-05 11:55:00,3.9,3276.7,460.29,755,validation
2024-01-05 12:00:00,4.2,3276.7,326.82,629,validation
2024-01-05 12:05:00,4.3,3276.7,289.09,538,validation
2024-01-05 12:10:00,4.3,3276.7,304.89,575,validation
2024-01-05 12:15:00,4.6,3276.7,296.63,551,validation
2024-01-05 12:20:00,4.4,3276.7,316.06,565,validation
2024-01-05 12:25:00,4.3,3276.7,341.21,702,validation
2024-01-05 12:30:00,4.5,3276.7,335.07,606,validation
2024-01-05 12:35:00,4.5,3276.7,294.57,555,validation
2024-01-05 12:40:00,4.4,3276.7,237.35,428,validation
2024-01-05 12:45:00,4.2,3276.7,245.25,427,validation
2024-01-05 12:50:00,4.2,3276.7,274.76,487,validation
2024-01-05 12:55:00,4.4,3276.7,225.01,389,validation
2024-01-05 13:00:00,4.4,3276.7,561.27,992,validation
2024-01-05 13:05:00,4.4,3276.7,542.01,942,validation
2024-01-05 13:10:00,4.8,3276.7,508.15,898,validation
2024-01-05 13:15:00,5.2,3276.7,541.46,950,validation
2024-01-05 13:20:00,5.6,3276.7,605.08,861,validation
2024-01-05 13:25:00,5.8,3276.7,199.92,343,validation
2024-01-05 13:30:00,5.5,3276.7,304.55,561,validation
2024-01-05 13:35:00,5.4,3276.7,403.07,711,validation
2024-01-05 13:40:00,5.6,3276.7,314.78,576,validation
2024-01-05 13:45:00,5.8,3276.7,347.92,688,validation
2024-01-05 13:50:00,6.4,3276.7,464.37,684,validation
2024-01-05 13:55:00,6.6,3276.7,186.27,339,validation
2024-01-05 14:00:00,6.2,3276.7,150.66,240,validation
2024-01-05 14:05:00,6,3276.7,174.24,279,validation
2024-01-05 14:10:00,5.9,3276.7,190.35,321,validation
2024-01-05 14:15:00,5.8,3276.7,294.9,578,validation
2024-01-05 14:20:00,5.8,3276.7,260.5,496,validation
2024-01-05 14:25:00,5.9,3276.7,494.01,857,validation
2024-01-05 14:30:00,6.1,3276.7,448,820,validation
2024-01-05 14:35:00,6.3,3276.7,392.29,691,validation
2024-01-05 14:40:00,6.1,3276.7,333.77,587,validation
2024-01-05 14:45:00,5.9,3276.7,398.29,698,validation
2024-01-05 14:50:00,5.9,3276.7,358.6,639,validation
2024-01-05 14:55:00,5.9,3276.7,206.87,366,validation
2024-01-05 15:00:00,5.8,3276.7,206.09,364,validation
2024-01-05 15:05:00,5.8,3276.7,179.42,313,validation
2024-01-05 15:10:00,5.8,3276.7,172.84,300,validation
2024-01-05 15:15:00,5.8,3276.7,134.01,230,validation
2024-01-05 15:20:00,5.8,3276.7,113.88,186,validation
2024-01-05 15:25:00,5.8,3276.7,87.67,134,validation
2024-01-05 15:30:00,5.7,3276.7,61.51,79,validation
2024-01-05 15:35:00,5.6,3276.7,52.3,60,validation
2024-01-05 15:50:00,5.2,3276.7,63.56,63,validation
2024-01-05 15:55:00,5.2,3276.7,140.15,135,validation
2024-01-05 16:00:00,5.1,3276.7,110.71,90,validation
2024-01-05 16:05:00,5,3276.7,75.05,69,validation
2024-01-06 07:40:00,-7.3,3276.7,110.89,55,test
2024-01-06 07:45:00,-7.3,3276.7,330.41,118,test
2024-01-06 07:50:00,-7,3276.7,377.58,177,test
2024-01-06 07:55:00,-6.7,3276.7,416.17,247,test
2024-01-06 08:00:00,-6.5,3276.7,448.33,325,test
2024-01-06 08:05:00,-6.4,3276.7,476.54,399,test
2024-01-06 08:10:00,-6.2,3276.7,500.53,466,test
2024-01-06 08:15:00,-6,3276.7,523.34,521,test
2024-01-06 08:20:00,-6.1,3276.7,544.38,590,test
2024-01-06 08:25:00,-6,3276.7,562.99,668,test
2024-01-06 08:30:00,-5.4,3276.7,581.73,736,test
2024-01-06 08:35:00,-4.6,3276.7,593.67,806,test
2024-01-06 08:40:00,-3.9,3276.7,604.06,855,test
2024-01-06 08:45:00,-3.5,3276.7,606.98,920,test
2024-01-06 08:50:00,-3.3,3276.7,610.07,989,test
2024-01-06 08:55:00,-3.1,3276.7,615.81,1064,test
2024-01-06 09:00:00,-2.9,3276.7,619.58,1106,test
2024-01-06 09:05:00,-2.5,3276.7,621.13,1115,test
2024-01-06 09:10:00,-2.2,3276.7,619.84,1119,test
2024-01-06 09:15:00,-2.1,3276.7,618.08,1112,test
2024-01-06 09:20:00,-2,3276.7,613.22,1107,test
2024-01-06 09:25:00,-1.9,3276.7,613.71,1105,test
2024-01-06 09:30:00,-1.7,3276.7,608.7,1102,test
2024-01-06 09:35:00,-1.5,3276.7,602.6,1091,test
2024-01-06 09:40:00,-1.4,3276.7,592.77,1082,test
2024-01-06 09:45:00,-1.2,3276.7,587.94,1074,test
2024-01-06 09:50:00,-1,3276.7,586.49,1064,test
2024-01-06 09:55:00,-0.8,3276.7,578.2,1047,test
2024-01-06 10:00:00,-0.6,3276.7,569.03,1027,test
2024-01-06 10:05:00,-0.3,3276.7,558.94,1013,test
2024-01-06 10:10:00,0,3276.7,554.87,1005,test
2024-01-06 10:15:00,0.3,3276.7,547.45,986,test
2024-01-06 10:20:00,0.6,3276.7,534.89,966,test
2024-01-06 10:25:00,0.7,3276.7,527.26,950,test
2024-01-06 10:30:00,0.8,3276.7,514.46,934,test
2024-01-06 10:35:00,1,3276.7,510.3,915,test
2024-01-06 10:40:00,1.2,3276.7,499.43,900,test
2024-01-06 10:45:00,1.4,3276.7,482.28,880,test
2024-01-06 10:50:00,1.7,3276.7,473.5,865,test
2024-01-06 10:55:00,1.9,3276.7,471.03,851,test
2024-01-06 11:00:00,1.9,3276.7,463.72,839,test
2024-01-06 11:05:00,1.8,3276.7,458.44,826,test
2024-01-06 11:10:00,2,3276.7,451.72,807,test
2024-01-06 11:15:00,2.1,3276.7,443.75,797,test
2024-01-06 11:20:00,2.3,3276.7,446.24,790,test
2024-01-06 11:25:00,2.6,3276.7,444.33,785,test
2024-01-06 11:30:00,2.7,3276.7,440.82,773,test
2024-01-06 11:35:00,2.8,3276.7,439.41,769,test
2024-01-06 11:40:00,2.8,3276.7,440.79,769,test
2024-01-06 11:45:00,2.4,3276.7,435.16,764,test
2024-01-06 11:50:00,2.2,3276.7,436.55,764,test
2024-01-06 11:55:00,2.9,3276.7,433.3,762,test
2024-01-06 12:00:00,3.6,3276.7,439.54,763,test
2024-01-06 12:05:00,3.3,3276.7,442.16,765,test
2024-01-06 12:10:00,2.9,3276.7,441.29,774,test
2024-01-06 12:15:00,2.9,3276.7,444.97,774,test
2024-01-06 12:20:00,2.9,3276.7,450.9,778,test
2024-01-06 12:25:00,3.3,3276.7,460.19,795,test
2024-01-06 12:30:00,3.6,3276.7,459.42,801,test
2024-01-06 12:35:00,3.5,3276.7,464.83,809,test
2024-01-06 12:40:00,3.6,3276.7,472.34,824,test
2024-01-06 12:45:00,4.1,3276.7,478.02,836,test
2024-01-06 12:50:00,4.4,3276.7,482.29,839,test
2024-01-06 12:55:00,4.3,3276.7,487.25,852,test
2024-01-06 13:00:00,4.2,3276.7,497.56,869,test
2024-01-06 13:05:00,4.4,3276.7,499.44,883,test
2024-01-06 13:10:00,4.5,3276.7,511.05,898,test
2024-01-06 13:15:00,4.3,3276.7,516.13,908,test
2024-01-06 13:20:00,4.5,3276.7,525.06,922,test
2024-01-06 13:25:00,4.9,3276.7,508.82,938,test
2024-01-06 13:30:00,4.8,3276.7,562.1,966,test
2024-01-06 13:35:00,4.7,3276.7,542.56,980,test
2024-01-06 13:40:00,4.9,3276.7,581.07,1026,test
2024-01-06 13:45:00,4.9,3276.7,588.83,1040,test
2024-01-06 13:50:00,5.2,3276.7,588.63,1041,test
2024-01-06 13:55:00,5,3276.7,594,1050,test
2024-01-06 14:00:00,4.7,3276.7,607.31,1069,test
2024-01-06 14:05:00,4.6,3276.7,613.45,1081,test
2024-01-06 14:10:00,5.1,3276.7,622.87,1094,test
2024-01-06 14:15:00,5.5,3276.7,632.73,1110,test
2024-01-06 14:20:00,5.1,3276.7,639.18,1124,test
2024-01-06 14:25:00,5.2,3276.7,643.5,1134,test
2024-01-06 14:30:00,6,3276.7,648.5,1135,test
2024-01-06 14:35:00,6.4,3276.7,649.72,1139,test
2024-01-06 14:40:00,6.2,3276.7,652.63,1143,test
2024-01-06 14:45:00,6.2,3276.7,654.78,1140,test
2024-01-06 14:50:00,6.3,3276.7,652.45,1140,test
2024-01-06 14:55:00,6.2,3276.7,650.47,1134,test
2024-01-06 15:00:00,6.2,3276.7,649.17,1130,test
2024-01-06 15:05:00,6.1,3276.7,646.5,1125,test
2024-01-06 15:10:00,6.2,3276.7,645.49,1086,test
2024-01-06 15:15:00,6.2,3276.7,642.19,1028,test
2024-01-06 15:20:00,6.3,3276.7,633.68,956,test
2024-01-06 15:25:00,6.1,3276.7,626.28,884,test
2024-01-06 15:30:00,5.8,3276.7,618.14,823,test
2024-01-06 15:35:00,5.8,3276.7,607.82,767,test
2024-01-06 15:40:00,5.7,3276.7,576.64,675,test
2024-01-06 15:45:00,5.7,3276.7,461.83,599,test
2024-01-06 15:50:00,5.5,3276.7,335.25,430,test
2024-01-06 15:55:00,5,3276.7,424.7,478,test
2024-01-06 16:00:00,4.5,3276.7,398.77,403,test
2024-01-06 16:05:00,4.1,3276.7,286.12,260,test
2024-01-06 16:10:00,3.7,3276.7,108.74,106,test
2024-01-06 16:25:00,2.1,3276.7,50.88,20,test
2024-01-07 08:55:00,-7.2,3276.7,53.05,71,test
2024-01-07 09:00:00,-7.2,3276.7,58.9,83,test
2024-01-07 09:05:00,-7.1,3276.7,65.76,93,test
2024-01-07 09:10:00,-6.8,3276.7,68.02,102,test
2024-01-07 09:15:00,-6.4,3276.7,68.1,99,test
2024-01-07 09:20:00,-6.3,3276.7,75.5,115,test
2024-01-07 09:25:00,-6.3,3276.7,87.5,141,test
2024-01-07 09:30:00,-6.3,3276.7,95.97,157,test
2024-01-07 09:35:00,-6.1,3276.7,102.43,170,test
2024-01-07 09:40:00,-5.8,3276.7,112.35,188,test
2024-01-07 09:45:00,-5.5,3276.7,118.09,202,test
2024-01-07 09:50:00,-5.3,3276.7,125.64,216,test
2024-01-07 09:55:00,-5.1,3276.7,139.48,242,test
2024-01-07 10:00:00,-4.9,3276.7,151.61,270,test
2024-01-07 10:05:00,-4.7,3276.7,150.99,270,test
2024-01-07 10:10:00,-4.5,3276.7,135.91,242,test
2024-01-07 10:15:00,-4.3,3276.7,124.63,219,test
2024-01-07 10:20:00,-4.2,3276.7,127.67,224,test
2024-01-07 10:25:00,-4,3276.7,134.57,242,test
2024-01-07 10:30:00,-3.7,3276.7,143.6,264,test
2024-01-07 10:35:00,-3.5,3276.7,147.7,274,test
2024-01-07 10:40:00,-3.5,3276.7,147.47,273,test
2024-01-07 10:45:00,-3.6,3276.7,139.68,256,test
2024-01-07 10:50:00,-3.5,3276.7,157.14,291,test
2024-01-07 10:55:00,-3.5,3276.7,188.4,358,test
2024-01-07 11:00:00,-3.4,3276.7,210.3,408,test
2024-01-07 11:05:00,-3.1,3276.7,211.08,403,test
2024-01-07 11:10:00,-2.6,3276.7,211.74,403,test
2024-01-07 11:15:00,-2.2,3276.7,216.13,416,test
2024-01-07 11:20:00,-2.2,3276.7,217.48,411,test
2024-01-07 11:25:00,-2.2,3276.7,218.78,414,test
2024-01-07 11:30:00,-2,3276.7,230.79,433,test
2024-01-07 11:35:00,-1.7,3276.7,243.47,453,test
2024-01-07 11:40:00,-1.4,3276.7,252.85,479,test
2024-01-07 11:45:00,-1,3276.7,238.57,448,test
2024-01-07 11:50:00,-1,3276.7,200.12,368,test
2024-01-07 11:55:00,-1.4,3276.7,205.68,376,test
2024-01-07 12:00:00,-1.6,3276.7,190.29,351,test
2024-01-07 12:05:00,-1.6,3276.7,210.93,384,test
2024-01-07 12:10:00,-1.5,3276.7,241.83,444,test
2024-01-07 12:15:00,-1.3,3276.7,396.15,718,test
2024-01-07 12:20:00,-1.1,3276.7,471.26,848,test
2024-01-07 12:25:00,-0.5,3276.7,399.62,725,test
2024-01-07 12:30:00,0,3276.7,429.05,768,test
2024-01-07 12:35:00,0.2,3276.7,385.34,687,test
2024-01-07 12:40:00,0.4,3276.7,206.45,348,test
2024-01-07 12:45:00,0.5,3276.7,253.41,473,test
2024-01-07 12:50:00,0.8,3276.7,409.42,669,test
2024-01-07 12:55:00,1.1,3276.7,409.6,728,test
2024-01-07 13:00:00,1.2,3276.7,420.92,698,test
2024-01-07 13:05:00,1.2,3276.7,405.07,782,test
2024-01-07 13:10:00,1.4,3276.7,330.54,555,test
2024-01-07 13:15:00,1.6,3276.7,364.67,633,test
2024-01-07 13:20:00,1.8,3276.7,411.01,758,test
2024-01-07 13:25:00,2,3276.7,546.52,955,test
2024-01-07 13:30:00,2.3,3276.7,549.35,954,test
2024-01-07 13:35:00,2.5,3276.7,561.25,980,test
2024-01-07 13:40:00,3.1,3276.7,525.82,1004,test
2024-01-07 13:45:00,3.2,3276.7,550.99,934,test
2024-01-07 13:50:00,3,3276.7,593.98,1045,test
2024-01-07 13:55:00,3.2,3276.7,600.4,1052,test
2024-01-07 14:00:00,3.5,3276.7,619.4,1084,test
2024-01-07 14:05:00,3.7,3276.7,634.44,1113,test
2024-01-07 14:10:00,3.8,3276.7,589.37,1033,test
2024-01-07 14:15:00,3.7,3276.7,598.04,1069,test
2024-01-07 14:20:00,3.8,3276.7,657.97,1121,test
2024-01-07 14:25:00,4.1,3276.7,652.98,1120,test
2024-01-07 14:30:00,4.2,3276.7,653.36,1121,test
2024-01-07 14:35:00,4.3,3276.7,625.48,1090,test
2024-01-07 14:40:00,4.2,3276.7,501.86,876,test
2024-01-07 14:45:00,4,3276.7,331.49,578,test
2024-01-07 14:50:00,3.9,3276.7,328.86,573,test
2024-01-07 14:55:00,3.8,3276.7,240.56,396,test
2024-01-07 15:00:00,3.8,3276.7,285.81,499,test
2024-01-07 15:05:00,3.7,3276.7,255.14,441,test
2024-01-07 15:10:00,3.7,3276.7,233.84,392,test
2024-01-07 15:15:00,3.8,3276.7,180.82,297,test
2024-01-07 15:20:00,3.6,3276.7,139.35,222,test
2024-01-07 15:25:00,3.4,3276.7,111.87,170,test
2024-01-07 15:30:00,3.2,3276.7,96.74,139,test
2024-01-07 15:35:00,3,3276.7,91.12,127,test
2024-01-07 15:40:00,2.9,3276.7,91.83,123,test
2024-01-07 15:45:00,2.8,3276.7,92.21,129,test
2024-01-07 15:50:00,2.7,3276.7,99.66,139,test
2024-01-07 15:55:00,2.6,3276.7,106.9,142,test
2024-01-07 16:00:00,2.4,3276.7,104.38,133,test
2024-01-07 16:05:00,2.3,3276.7,60.36,71,test
