domain,method,seed,metric,calls,rmse
hydro,random,0,validation,12,3.5643115938853236
hydro,random,0,validation,24,3.5643115938853236
hydro,random,0,validation,48,2.4865417070221314
hydro,random,0,validation,96,2.4865417070221314
hydro,random,1,validation,12,2.6104276849140033
hydro,random,1,validation,24,2.6104276849140033
hydro,random,1,validation,48,2.6104276849140033
hydro,random,1,validation,96,2.0813210754763407
hydro,random,2,validation,12,2.7875932684277474
hydro,random,2,validation,24,2.7875932684277474
hydro,random,2,validation,48,2.4971830746336123
hydro,random,2,validation,96,2.4971830746336123
hydro,sobol,0,validation,12,3.401117447201036
hydro,sobol,0,validation,24,2.5898775711961144
hydro,sobol,0,validation,48,2.5898775711961144
hydro,sobol,0,validation,96,2.1961420965485825
hydro,sobol,1,validation,12,2.6076476742303027
hydro,sobol,1,validation,24,2.6076476742303027
hydro,sobol,1,validation,48,2.6076476742303027
hydro,sobol,1,validation,96,2.511946223420028
hydro,sobol,2,validation,12,3.548664124657178
hydro,sobol,2,validation,24,2.4836531747465003
hydro,sobol,2,validation,48,2.4836531747465003
hydro,sobol,2,validation,96,2.270650852440263
hydro,bo,0,validation,12,2.0659955546313915
hydro,bo,0,validation,24,2.0659955546313915
hydro,bo,0,validation,48,2.0659955546313915
hydro,bo,0,validation,96,2.0659955546313915
hydro,bo,1,validation,12,2.0659955546313915
hydro,bo,1,validation,24,2.0659955546313915
hydro,bo,1,validation,48,2.0659955546313915
hydro,bo,1,validation,96,2.0659955546313915
hydro,bo,2,validation,12,2.0659955546313915
hydro,bo,2,validation,24,2.0659955546313915
hydro,bo,2,validation,48,2.0659955546313915
hydro,bo,2,validation,96,2.0659955546313915
hydro,random,0,test,12,3.177786883119426
hydro,random,0,test,24,3.177786883119426
hydro,random,0,test,48,2.7954984346518255
hydro,random,0,test,96,2.7954984346518255
hydro,random,1,test,12,2.8141829785445234
hydro,random,1,test,24,2.8141829785445234
hydro,random,1,test,48,2.8141829785445234
hydro,random,1,test,96,2.8759980113739565
hydro,random,2,test,12,2.825034763237747
hydro,random,2,test,24,2.825034763237747
hydro,random,2,test,48,2.8140963767874423
hydro,random,2,test,96,2.8140963767874423
hydro,sobol,0,test,12,2.9597324740337205
hydro,sobol,0,test,24,2.8312695988619847
hydro,sobol,0,test,48,2.8312695988619847
hydro,sobol,0,test,96,2.8350857743188187
hydro,sobol,1,test,12,2.809316362939026
hydro,sobol,1,test,24,2.809316362939026
hydro,sobol,1,test,48,2.809316362939026
hydro,sobol,1,test,96,2.7899387731583314
hydro,sobol,2,test,12,2.827093803569717
hydro,sobol,2,test,24,2.804504670305184
hydro,sobol,2,test,48,2.804504670305184
hydro,sobol,2,test,96,2.817887803481688
hydro,bo,0,test,12,2.8839228598885933
hydro,bo,0,test,24,2.8839228598885933
hydro,bo,0,test,48,2.8839228598885933
hydro,bo,0,test,96,2.8839228598885933
hydro,bo,1,test,12,2.8839228598885933
hydro,bo,1,test,24,2.8839228598885933
hydro,bo,1,test,48,2.8839228598885933
hydro,bo,1,test,96,2.8839228598885933
hydro,bo,2,test,12,2.8839228598885933
hydro,bo,2,test,24,2.8839228598885933
hydro,bo,2,test,48,2.8839228598885933
hydro,bo,2,test,96,2.8839228598885933
solar,random,0,validation,12,175.6803212316816
solar,random,0,validation,24,175.45455563953095
solar,random,0,validation,48,175.45455563953095
solar,random,0,validation,96,175.0964109792146
solar,random,1,validation,12,175.50436318663702
solar,random,1,validation,24,175.07793636465613
solar,random,1,validation,48,175.07793636465613
solar,random,1,validation,96,175.07793636465613
solar,random,2,validation,12,176.3887911981306
solar,random,2,validation,24,176.3887911981306
solar,random,2,validation,48,175.0851159156334
solar,random,2,validation,96,175.0851159156334
solar,sobol,0,validation,12,176.0199143850484
solar,sobol,0,validation,24,175.14632469072916
solar,sobol,0,validation,48,175.14632469072916
solar,sobol,0,validation,96,175.14632469072916
solar,sobol,1,validation,12,176.13317631180675
solar,sobol,1,validation,24,176.13317631180675
solar,sobol,1,validation,48,175.11339502934877
solar,sobol,1,validation,96,175.11339502934877
solar,sobol,2,validation,12,177.05495208936324
solar,sobol,2,validation,24,175.25841792389534
solar,sobol,2,validation,48,175.09340922185277
solar,sobol,2,validation,96,175.07753767594625
solar,bo,0,validation,12,175.0775599041313
solar,bo,0,validation,24,175.0775599041313
solar,bo,0,validation,48,175.07752209494612
solar,bo,0,validation,96,175.07750609711547
solar,bo,1,validation,12,175.0775624702757
solar,bo,1,validation,24,175.0775624702757
solar,bo,1,validation,48,175.07750494311597
solar,bo,1,validation,96,175.0775041717465
solar,bo,2,validation,12,175.0794632912374
solar,bo,2,validation,24,175.07760391281883
solar,bo,2,validation,48,175.0775155422358
solar,bo,2,validation,96,175.07750630516097
solar,random,0,test,12,116.14072705964573
solar,random,0,test,24,123.35457834870547
solar,random,0,test,48,123.35457834870547
solar,random,0,test,96,123.37036274857611
solar,random,1,test,12,116.85769314377879
solar,random,1,test,24,121.815476461917
solar,random,1,test,48,121.815476461917
solar,random,1,test,96,121.815476461917
solar,random,2,test,12,128.69507728154483
solar,random,2,test,24,128.69507728154483
solar,random,2,test,48,122.86375976545601
solar,random,2,test,96,122.86375976545601
solar,sobol,0,test,12,129.29248816761807
solar,sobol,0,test,24,119.67874886237276
solar,sobol,0,test,48,119.67874886237276
solar,sobol,0,test,96,119.67874886237276
solar,sobol,1,test,12,118.96415957036201
solar,sobol,1,test,24,118.96415957036201
solar,sobol,1,test,48,120.29277846355689
solar,sobol,1,test,96,120.29277846355689
solar,sobol,2,test,12,115.34815240454049
solar,sobol,2,test,24,126.49605771873667
solar,sobol,2,test,48,123.25453737458032
solar,sobol,2,test,96,121.95767406475444
solar,bo,0,test,12,121.94172206769069
solar,bo,0,test,24,121.94172206769069
solar,bo,0,test,48,122.05328249004353
solar,bo,0,test,96,122.02608417544054
solar,bo,1,test,12,121.94010649387852
solar,bo,1,test,24,121.94010649387852
solar,bo,1,test,48,122.02122213985686
solar,bo,1,test,96,122.01308062508895
solar,bo,2,test,12,122.43997599063289
solar,bo,2,test,24,121.91776318164365
solar,bo,2,test,48,122.04504439884929
solar,bo,2,test,96,122.02678167441923
copper,random,0,validation,12,0.19629171006005017
copper,random,0,validation,24,0.1959753352224791
copper,random,0,validation,48,0.19597447845574165
copper,random,0,validation,96,0.19597447845574165
copper,random,1,validation,12,0.2343206305505835
copper,random,1,validation,24,0.19720155675856146
copper,random,1,validation,48,0.195996003064471
copper,random,1,validation,96,0.1959746119287382
copper,random,2,validation,12,0.19599552709823775
copper,random,2,validation,24,0.19597480608250212
copper,random,2,validation,48,0.19597480608250212
copper,random,2,validation,96,0.19597480608250212
copper,sobol,0,validation,12,0.19599344579277864
copper,sobol,0,validation,24,0.19599344579277864
copper,sobol,0,validation,48,0.1959768744819118
copper,sobol,0,validation,96,0.1959768744819118
copper,sobol,1,validation,12,0.19598389612508613
copper,sobol,1,validation,24,0.19598389612508613
copper,sobol,1,validation,48,0.19598389612508613
copper,sobol,1,validation,96,0.1959765784379049
copper,sobol,2,validation,12,0.19599479143277304
copper,sobol,2,validation,24,0.19599479143277304
copper,sobol,2,validation,48,0.19598345192658215
copper,sobol,2,validation,96,0.19597453888695862
copper,bo,0,validation,12,0.19597569307340712
copper,bo,0,validation,24,0.19597569307340712
copper,bo,0,validation,48,0.19597569307340712
copper,bo,0,validation,96,0.19597569307340712
copper,bo,1,validation,12,0.19598389612508613
copper,bo,1,validation,24,0.19598020929214044
copper,bo,1,validation,48,0.1959744354233358
copper,bo,1,validation,96,0.1959744354233358
copper,bo,2,validation,12,0.19597783815896805
copper,bo,2,validation,24,0.19597621865154757
copper,bo,2,validation,48,0.19597464174627352
copper,bo,2,validation,96,0.19597463060268888
copper,random,0,test,12,0.24887410387606654
copper,random,0,test,24,0.2478299646845037
copper,random,0,test,48,0.24788504991613308
copper,random,0,test,96,0.24788504991613308
copper,random,1,test,12,0.2950763985538411
copper,random,1,test,24,0.25014297659397117
copper,random,1,test,48,0.2476612152249118
copper,random,1,test,96,0.24789544074674605
copper,random,2,test,12,0.24766349906306936
copper,random,2,test,24,0.2479045880262787
copper,random,2,test,48,0.2479045880262787
copper,random,2,test,96,0.2479045880262787
copper,sobol,0,test,12,0.247673801336341
copper,sobol,0,test,24,0.247673801336341
copper,sobol,0,test,48,0.24780117540790292
copper,sobol,0,test,96,0.24780117540790292
copper,sobol,1,test,12,0.24773146422988165
copper,sobol,1,test,24,0.24773146422988165
copper,sobol,1,test,48,0.24773146422988165
copper,sobol,1,test,96,0.24794637388826074
copper,sobol,2,test,12,0.2476670710704066
copper,sobol,2,test,24,0.2476670710704066
copper,sobol,2,test,48,0.24773476798627325
copper,sobol,2,test,96,0.24789071352625547
copper,bo,0,test,12,0.24792955648658446
copper,bo,0,test,24,0.24792955648658446
copper,bo,0,test,48,0.24792955648658446
copper,bo,0,test,96,0.24792955648658446
copper,bo,1,test,12,0.24773146422988165
copper,bo,1,test,24,0.24799300902289462
copper,bo,1,test,48,0.24787743172463195
copper,bo,1,test,96,0.24787743172463195
copper,bo,2,test,12,0.24796520730692856
copper,bo,2,test,24,0.2478117430665755
copper,bo,2,test,48,0.24789711889832164
copper,bo,2,test,96,0.2478965155915147
hymod,random,0,validation,12,1.6943620720476265
hymod,random,0,validation,24,1.5992538166038341
hymod,random,0,validation,48,1.5450351130931428
hymod,random,0,validation,96,1.4166969538218734
hymod,random,1,validation,12,1.3709699573811824
hymod,random,1,validation,24,1.3709699573811824
hymod,random,1,validation,48,1.3709699573811824
hymod,random,1,validation,96,1.3709699573811824
hymod,random,2,validation,12,1.8727950915647518
hymod,random,2,validation,24,1.8727950915647518
hymod,random,2,validation,48,1.4582123271456102
hymod,random,2,validation,96,1.4582123271456102
hymod,sobol,0,validation,12,1.324806984326992
hymod,sobol,0,validation,24,1.324806984326992
hymod,sobol,0,validation,48,1.324806984326992
hymod,sobol,0,validation,96,1.324806984326992
hymod,sobol,1,validation,12,1.641671087074331
hymod,sobol,1,validation,24,1.641671087074331
hymod,sobol,1,validation,48,1.641671087074331
hymod,sobol,1,validation,96,1.2513580061651486
hymod,sobol,2,validation,12,1.8514169621049907
hymod,sobol,2,validation,24,1.6574637113700486
hymod,sobol,2,validation,48,1.3656028831592404
hymod,sobol,2,validation,96,1.3656028831592404
hymod,bo,0,validation,12,1.5051764450337688
hymod,bo,0,validation,24,1.3677727187836164
hymod,bo,0,validation,48,1.3617124674057746
hymod,bo,0,validation,96,1.08407348852375
hymod,bo,1,validation,12,1.3524724812763746
hymod,bo,1,validation,24,1.3524724812763746
hymod,bo,1,validation,48,1.2993725869200528
hymod,bo,1,validation,96,1.2409135630730266
hymod,bo,2,validation,12,1.7592649576469748
hymod,bo,2,validation,24,1.3681596288079045
hymod,bo,2,validation,48,1.214097636701962
hymod,bo,2,validation,96,1.1238470502422406
hymod,random,0,test,12,2.861300006511713
hymod,random,0,test,24,2.5714815966841074
hymod,random,0,test,48,3.2195600313293977
hymod,random,0,test,96,2.6758352270136343
hymod,random,1,test,12,2.7308842435156664
hymod,random,1,test,24,2.7308842435156664
hymod,random,1,test,48,2.7308842435156664
hymod,random,1,test,96,2.7308842435156664
hymod,random,2,test,12,3.2322276293782406
hymod,random,2,test,24,3.2322276293782406
hymod,random,2,test,48,2.411292793845195
hymod,random,2,test,96,2.411292793845195
hymod,sobol,0,test,12,2.684554387278462
hymod,sobol,0,test,24,2.684554387278462
hymod,sobol,0,test,48,2.684554387278462
hymod,sobol,0,test,96,2.684554387278462
hymod,sobol,1,test,12,2.552664529678086
hymod,sobol,1,test,24,2.552664529678086
hymod,sobol,1,test,48,2.552664529678086
hymod,sobol,1,test,96,2.340077978213527
hymod,sobol,2,test,12,3.163651418226214
hymod,sobol,2,test,24,3.3419690368826602
hymod,sobol,2,test,48,2.5505007641286417
hymod,sobol,2,test,96,2.5505007641286417
hymod,bo,0,test,12,3.040917718906646
hymod,bo,0,test,24,2.9861281250485305
hymod,bo,0,test,48,2.8722010329129435
hymod,bo,0,test,96,2.573116532195243
hymod,bo,1,test,12,2.348175394754337
hymod,bo,1,test,24,2.348175394754337
hymod,bo,1,test,48,2.5889770604877422
hymod,bo,1,test,96,2.5169402979314426
hymod,bo,2,test,12,2.7734896945234766
hymod,bo,2,test,24,2.9156014387913127
hymod,bo,2,test,48,2.740313076377283
hymod,bo,2,test,96,2.688945077885465
solar_diode,random,0,validation,12,181.15025010606996
solar_diode,random,0,validation,24,174.97004091594977
solar_diode,random,0,validation,48,174.97004091594977
solar_diode,random,0,validation,96,174.35142424318758
solar_diode,random,1,validation,12,176.18473140854474
solar_diode,random,1,validation,24,176.18473140854474
solar_diode,random,1,validation,48,176.18473140854474
solar_diode,random,1,validation,96,175.19874750768628
solar_diode,random,2,validation,12,175.90606974995032
solar_diode,random,2,validation,24,175.3629999035359
solar_diode,random,2,validation,48,175.3629999035359
solar_diode,random,2,validation,96,174.48570979819846
solar_diode,sobol,0,validation,12,175.10637483529808
solar_diode,sobol,0,validation,24,175.10637483529808
solar_diode,sobol,0,validation,48,174.53898163221044
solar_diode,sobol,0,validation,96,174.22817387332793
solar_diode,sobol,1,validation,12,176.85227216530905
solar_diode,sobol,1,validation,24,176.85227216530905
solar_diode,sobol,1,validation,48,176.01149335905077
solar_diode,sobol,1,validation,96,175.44886106225874
solar_diode,sobol,2,validation,12,176.35018170390543
solar_diode,sobol,2,validation,24,174.29362745791195
solar_diode,sobol,2,validation,48,173.9611482106161
solar_diode,sobol,2,validation,96,173.61509347185935
solar_diode,bo,0,validation,12,175.10637483529808
solar_diode,bo,0,validation,24,175.10637483529808
solar_diode,bo,0,validation,48,174.1216609706253
solar_diode,bo,0,validation,96,173.9961788497715
solar_diode,bo,1,validation,12,176.85227216530905
solar_diode,bo,1,validation,24,173.97940339355011
solar_diode,bo,1,validation,48,173.43488404277312
solar_diode,bo,1,validation,96,173.43488404277312
solar_diode,bo,2,validation,12,176.35018170390543
solar_diode,bo,2,validation,24,176.35018170390543
solar_diode,bo,2,validation,48,173.9397026847752
solar_diode,bo,2,validation,96,173.87447830551548
solar_diode,random,0,test,12,170.92166773120633
solar_diode,random,0,test,24,122.67589490595829
solar_diode,random,0,test,48,122.67589490595829
solar_diode,random,0,test,96,128.43105990729924
solar_diode,random,1,test,12,135.6157328035333
solar_diode,random,1,test,24,135.6157328035333
solar_diode,random,1,test,48,135.6157328035333
solar_diode,random,1,test,96,132.71342641946183
solar_diode,random,2,test,12,129.6754120489176
solar_diode,random,2,test,24,128.7038644249722
solar_diode,random,2,test,48,128.7038644249722
solar_diode,random,2,test,96,120.49799081016003
solar_diode,sobol,0,test,12,124.58785202003067
solar_diode,sobol,0,test,24,124.58785202003067
solar_diode,sobol,0,test,48,132.47432917410703
solar_diode,sobol,0,test,96,124.65168145127052
solar_diode,sobol,1,test,12,114.1444338332674
solar_diode,sobol,1,test,24,114.1444338332674
solar_diode,sobol,1,test,48,120.99654950710864
solar_diode,sobol,1,test,96,133.794000694709
solar_diode,sobol,2,test,12,144.76280572905372
solar_diode,sobol,2,test,24,123.83319870555984
solar_diode,sobol,2,test,48,121.33266776524373
solar_diode,sobol,2,test,96,124.03777658614355
solar_diode,bo,0,test,12,124.58785202003067
solar_diode,bo,0,test,24,124.58785202003067
solar_diode,bo,0,test,48,127.3577191675698
solar_diode,bo,0,test,96,127.72291193674936
solar_diode,bo,1,test,12,114.1444338332674
solar_diode,bo,1,test,24,122.63843297661128
solar_diode,bo,1,test,48,120.1404051516792
solar_diode,bo,1,test,96,120.1404051516792
solar_diode,bo,2,test,12,144.76280572905372
solar_diode,bo,2,test,24,144.76280572905372
solar_diode,bo,2,test,48,122.92278687047174
solar_diode,bo,2,test,96,124.98497433229998
