experiment,domain,method,seed,calls,target_reached,model_seconds,controller_and_optimizer_seconds,study_seconds
fixed,hydro,random,0,96,False,1.7924534194171429,5.72519383020699,7.517647249624133
fixed,hydro,random,1,96,False,1.5232184119522572,5.266929212957621,6.790147624909878
fixed,hydro,random,2,96,False,1.5309879630804062,5.390333411749452,6.9213213748298585
fixed,hydro,sobol,0,96,False,1.5340271606110036,4.984500422142446,6.51852758275345
fixed,hydro,sobol,1,96,False,1.7347140442579985,6.030237497761846,7.764951542019844
fixed,hydro,sobol,2,96,False,1.504651129245758,5.211686703842133,6.716337833087891
fixed,hydro,bo,0,96,False,1.6467655007727444,19.759483374189585,21.40624887496233
fixed,hydro,bo,1,96,False,1.587333658710122,16.844634133391082,18.431967792101204
fixed,hydro,bo,2,96,False,1.5511022484861314,16.669572085607797,18.22067433409393
fixed,solar,random,0,96,False,1.2132341642864048,5.159823127556592,6.373057291842997
fixed,solar,random,1,96,False,1.215109918732196,5.082302331458777,6.297412250190973
fixed,solar,random,2,96,False,1.3898951630108058,6.078963337000459,7.468858500011265
fixed,solar,sobol,0,96,False,1.215917095541954,5.207099654246122,6.423016749788076
fixed,solar,sobol,1,96,False,1.2875439510680735,5.619629256892949,6.907173207961023
fixed,solar,sobol,2,96,False,1.279826793819666,5.282130706124008,6.561957499943674
fixed,solar,bo,0,96,False,1.3146545477211475,93.46423949440941,94.77889404213056
fixed,solar,bo,1,96,False,1.3696290482766926,90.8059386597015,92.17556770797819
fixed,solar,bo,2,96,False,1.301236582454294,76.10004733456299,77.40128391701728
fixed,copper,random,0,96,False,0.8137332042679191,5.731022878549993,6.544756082817912
fixed,copper,random,1,96,False,0.8325132131576538,5.786521370522678,6.619034583680332
fixed,copper,random,2,96,False,0.6911589587107301,5.017122166231275,5.708281124942005
fixed,copper,sobol,0,96,False,1.2371153309941292,7.680008293595165,8.917123624589294
fixed,copper,sobol,1,96,False,0.7639010781422257,4.989853588864207,5.753754667006433
fixed,copper,sobol,2,96,False,0.7532692481763661,5.064960918389261,5.818230166565627
fixed,copper,bo,0,96,False,1.244799375999719,42.10227537434548,43.3470747503452
fixed,copper,bo,1,96,False,0.9301238805055618,36.99815711937845,37.92828099988401
fixed,copper,bo,2,96,False,0.7982271602377295,26.793223589658737,27.591450749896467
fixed,hymod,random,0,96,False,1.5567189119756222,5.57064708834514,7.127366000320762
fixed,hymod,random,1,96,False,2.4852540870197117,8.752539245877415,11.237793332897127
fixed,hymod,random,2,96,False,1.6602239226922393,6.031170285306871,7.69139420799911
fixed,hymod,sobol,0,96,False,1.6076301210559905,5.789937211666256,7.397567332722247
fixed,hymod,sobol,1,96,False,1.6152119520120323,5.716949673369527,7.332161625381559
fixed,hymod,sobol,2,96,False,1.6595436679199338,5.730066082440317,7.3896097503602505
fixed,hymod,bo,0,96,False,1.5789083363488317,23.091688871383667,24.6705972077325
fixed,hymod,bo,1,96,False,1.8281924542970955,26.744715253822505,28.5729077081196
fixed,hymod,bo,2,96,False,1.6485966574400663,21.973323384765536,23.621920042205602
fixed,solar_diode,random,0,96,False,15.39182070409879,5.969251086935401,21.361071791034192
fixed,solar_diode,random,1,96,False,18.29814187483862,6.98540350003168,25.2835453748703
fixed,solar_diode,random,2,96,False,18.960067162755877,5.650091712363064,24.61015887511894
fixed,solar_diode,sobol,0,96,False,15.066107995808125,5.730000879149884,20.79610887495801
fixed,solar_diode,sobol,1,96,False,15.342338756192476,5.923284743912518,21.265623500104994
fixed,solar_diode,sobol,2,96,False,17.93848737422377,6.541913291905075,24.480400666128844
fixed,solar_diode,bo,0,96,False,15.024845707695931,17.70303245820105,32.72787816589698
fixed,solar_diode,bo,1,96,False,14.957283279392868,18.970679095946252,33.92796237533912
fixed,solar_diode,bo,2,96,False,21.76803807914257,25.89797721290961,47.66601529205218
target,hydro,random,3,161,True,2.1136945858597755,5.007421372924,7.121115958783776
target,hydro,random,4,199,True,2.6906106336973608,6.90898211626336,9.59959274996072
target,hydro,random,5,168,True,2.2768908427096903,5.7447097399272025,8.021600582636893
target,hydro,random,6,2000,False,39.42597974045202,214.45935225952417,253.8853319999762
target,hydro,random,7,89,True,1.1166264982894063,2.594773043412715,3.7113995417021215
target,hydro,sobol,3,133,True,1.7711548716761172,4.093724294565618,5.864879166241735
target,hydro,sobol,4,324,True,4.409441229887307,12.32305477000773,16.732495999895036
target,hydro,sobol,5,368,True,7.314903628081083,20.176103455480188,27.49100708356127
target,hydro,sobol,6,208,True,2.6775833629071712,6.786233095917851,9.463816458825022
target,hydro,sobol,7,337,True,4.469997289124876,12.594057420268655,17.06405470939353
target,hydro,bo,3,6,True,0.08485374925658107,1.0583537924103439,1.143207541666925
target,hydro,bo,4,6,True,0.08275029063224792,0.29361587623134255,0.3763661668635905
target,hydro,bo,5,7,True,0.09268970880657434,0.34336862433701754,0.4360583331435919
target,hydro,bo,6,6,True,0.07492579240351915,0.2484892914071679,0.32341508381068707
target,hydro,bo,7,7,True,0.08808083459734917,0.34024983225390315,0.4283306668512523
target,solar,random,3,5,True,0.050527498591691256,0.15600645914673805,0.2065339577384293
target,solar,random,4,2,True,0.021225458476692438,0.08769520744681358,0.10892066592350602
target,solar,random,5,11,True,0.10945412376895547,0.31352008413523436,0.4229742079041898
target,solar,random,6,3,True,0.029638126026839018,0.10370587417855859,0.1333440002053976
target,solar,random,7,2,True,0.02059387369081378,0.07950504356995225,0.10009891726076603
target,solar,sobol,3,3,True,0.029473374597728252,0.1044252086430788,0.13389858324080706
target,solar,sobol,4,1,True,0.010229582898318768,0.0513244173489511,0.06155400024726987
target,solar,sobol,5,4,True,0.03977812500670552,0.1321788327768445,0.17195695778355002
target,solar,sobol,6,2,True,0.019852458965033293,0.07868875004351139,0.09854120900854468
target,solar,sobol,7,4,True,0.040443998761475086,0.13282933505252004,0.17327333381399512
target,solar,bo,3,3,True,0.030039667151868343,0.10755658289417624,0.1375962500460446
target,solar,bo,4,1,True,0.010216750204563141,0.05316329142078757,0.06338004162535071
target,solar,bo,5,4,True,0.03996708383783698,0.14140245830640197,0.18136954214423895
target,solar,bo,6,2,True,0.0198764163069427,0.07933995872735977,0.09921637503430247
target,solar,bo,7,4,True,0.04028516635298729,0.13840537564828992,0.1786905420012772
target,copper,random,3,1,True,0.008276083040982485,0.05255366675555706,0.060829749796539545
target,copper,random,4,8,True,0.04821941629052162,0.23874204140156507,0.2869614576920867
target,copper,random,5,3,True,0.017165458761155605,0.10554616618901491,0.12271162495017052
target,copper,random,6,7,True,0.03941112710162997,0.2137186648324132,0.25312979193404317
target,copper,random,7,2,True,0.013330583926290274,0.0785412909463048,0.09187187487259507
target,copper,sobol,3,4,True,0.02548904251307249,0.1383257913403213,0.1638148338533938
target,copper,sobol,4,1,True,0.006651957985013723,0.05226491717621684,0.058916875161230564
target,copper,sobol,5,5,True,0.029411999508738518,0.15952275041490793,0.18893474992364645
target,copper,sobol,6,1,True,0.006412707734853029,0.05243141716346145,0.058844124898314476
target,copper,sobol,7,12,True,0.08043154096230865,0.3536650422029197,0.43409658316522837
target,copper,bo,3,4,True,0.026061417069286108,0.14845366682857275,0.17451508389785886
target,copper,bo,4,1,True,0.006648874841630459,0.05369845824316144,0.0603473330847919
target,copper,bo,5,5,True,0.029723166953772306,0.20330725004896522,0.23303041700273752
target,copper,bo,6,1,True,0.006520000286400318,0.06957241566851735,0.07609241595491767
target,copper,bo,7,7,True,0.0499482499435544,0.4124092091806233,0.4623574591241777
target,hymod,random,3,2000,False,28.268096160143614,268.2483329651877,296.51642912533134
target,hymod,random,4,2000,False,30.063677825033665,292.07563234167174,322.1393101667054
target,hymod,random,5,2000,False,32.19209370249882,314.5574500062503,346.7495437087491
target,hymod,random,6,2000,False,39.101224947720766,341.80109563516453,380.9023205828853
target,hymod,random,7,2000,False,30.411490336060524,284.0147241218947,314.4262144579552
target,hymod,sobol,3,2000,False,29.748912328388542,291.10112992161885,320.8500422500074
target,hymod,sobol,4,2000,False,32.064299881923944,299.0278156180866,331.09211550001055
target,hymod,sobol,5,2000,False,40.09063470270485,409.0416979226284,449.1323326253332
target,hymod,sobol,6,2000,False,38.026389757636935,346.30136507656425,384.3277548342012
target,hymod,sobol,7,2000,False,36.5524418996647,350.7476346422918,387.3000765419565
target,hymod,bo,3,158,True,3.0200517885386944,51.423536461312324,54.44358824985102
target,hymod,bo,4,62,True,0.8263724134303629,8.975925836712122,9.802298250142485
target,hymod,bo,5,146,True,2.028009998612106,33.98430321039632,36.012313209008425
target,hymod,bo,6,67,True,1.2172900871373713,13.494846412912011,14.712136500049382
target,hymod,bo,7,313,True,6.629185711033642,275.6954505802132,282.32463629124686
target,solar_diode,random,3,3,True,0.8083303752355278,0.225360999815166,1.0336913750506938
target,solar_diode,random,4,5,True,0.8327186657115817,0.24856745917350054,1.0812861248850822
target,solar_diode,random,5,8,True,1.3418469578027725,0.3695823340676725,1.711429291870445
target,solar_diode,random,6,3,True,0.5366564588621259,0.17406258219853044,0.7107190410606563
target,solar_diode,random,7,13,True,2.1355391670949757,0.5900444579310715,2.7255836250260472
target,solar_diode,sobol,3,13,True,2.896705419756472,0.8045982462354004,3.7013036659918725
target,solar_diode,sobol,4,9,True,1.9665574142709374,0.5476699606515467,2.514227374922484
target,solar_diode,sobol,5,1,True,0.16246799984946847,0.0830671670846641,0.24553516693413258
target,solar_diode,sobol,6,5,True,0.8158075413666666,0.24055070849135518,1.0563582498580217
target,solar_diode,sobol,7,4,True,0.6598248765803874,0.20806570770218968,0.867890584282577
target,solar_diode,bo,3,10,True,2.2180419568903744,0.8907823353074491,3.1088242921978235
target,solar_diode,bo,4,10,True,1.9582370012067258,0.7268975405022502,2.685134541708976
target,solar_diode,bo,5,1,True,0.17902320763096213,0.08942675171419978,0.2684499593451619
target,solar_diode,bo,6,5,True,0.8198375408537686,0.2588295009918511,1.0786670418456197
target,solar_diode,bo,7,4,True,0.6390842087566853,0.20697054080665112,0.8460547495633364
