domain,method,seed,evaluations,target_reached,stop_reason,target
hydro,random,3,161,True,target_reached,2.169295332362961
hydro,random,4,199,True,target_reached,2.169295332362961
hydro,random,5,168,True,target_reached,2.169295332362961
hydro,random,6,2000,False,evaluation_cap,2.169295332362961
hydro,random,7,89,True,target_reached,2.169295332362961
hydro,sobol,3,133,True,target_reached,2.169295332362961
hydro,sobol,4,324,True,target_reached,2.169295332362961
hydro,sobol,5,368,True,target_reached,2.169295332362961
hydro,sobol,6,208,True,target_reached,2.169295332362961
hydro,sobol,7,337,True,target_reached,2.169295332362961
hydro,bo,3,6,True,target_reached,2.169295332362961
hydro,bo,4,6,True,target_reached,2.169295332362961
hydro,bo,5,7,True,target_reached,2.169295332362961
hydro,bo,6,6,True,target_reached,2.169295332362961
hydro,bo,7,7,True,target_reached,2.169295332362961
solar,random,3,5,True,target_reached,183.83143789933789
solar,random,4,2,True,target_reached,183.83143789933789
solar,random,5,11,True,target_reached,183.83143789933789
solar,random,6,3,True,target_reached,183.83143789933789
solar,random,7,2,True,target_reached,183.83143789933789
solar,sobol,3,3,True,target_reached,183.83143789933789
solar,sobol,4,1,True,target_reached,183.83143789933789
solar,sobol,5,4,True,target_reached,183.83143789933789
solar,sobol,6,2,True,target_reached,183.83143789933789
solar,sobol,7,4,True,target_reached,183.83143789933789
solar,bo,3,3,True,target_reached,183.83143789933789
solar,bo,4,1,True,target_reached,183.83143789933789
solar,bo,5,4,True,target_reached,183.83143789933789
solar,bo,6,2,True,target_reached,183.83143789933789
solar,bo,7,4,True,target_reached,183.83143789933789
copper,random,3,1,True,target_reached,0.2057744777270775
copper,random,4,8,True,target_reached,0.2057744777270775
copper,random,5,3,True,target_reached,0.2057744777270775
copper,random,6,7,True,target_reached,0.2057744777270775
copper,random,7,2,True,target_reached,0.2057744777270775
copper,sobol,3,4,True,target_reached,0.2057744777270775
copper,sobol,4,1,True,target_reached,0.2057744777270775
copper,sobol,5,5,True,target_reached,0.2057744777270775
copper,sobol,6,1,True,target_reached,0.2057744777270775
copper,sobol,7,12,True,target_reached,0.2057744777270775
copper,bo,3,4,True,target_reached,0.2057744777270775
copper,bo,4,1,True,target_reached,0.2057744777270775
copper,bo,5,5,True,target_reached,0.2057744777270775
copper,bo,6,1,True,target_reached,0.2057744777270775
copper,bo,7,7,True,target_reached,0.2057744777270775
hymod,random,3,2000,False,evaluation_cap,1.1382771629499375
hymod,random,4,2000,False,evaluation_cap,1.1382771629499375
hymod,random,5,2000,False,evaluation_cap,1.1382771629499375
hymod,random,6,2000,False,evaluation_cap,1.1382771629499375
hymod,random,7,2000,False,evaluation_cap,1.1382771629499375
hymod,sobol,3,2000,False,evaluation_cap,1.1382771629499375
hymod,sobol,4,2000,False,evaluation_cap,1.1382771629499375
hymod,sobol,5,2000,False,evaluation_cap,1.1382771629499375
hymod,sobol,6,2000,False,evaluation_cap,1.1382771629499375
hymod,sobol,7,2000,False,evaluation_cap,1.1382771629499375
hymod,bo,3,158,True,target_reached,1.1382771629499375
hymod,bo,4,62,True,target_reached,1.1382771629499375
hymod,bo,5,146,True,target_reached,1.1382771629499375
hymod,bo,6,67,True,target_reached,1.1382771629499375
hymod,bo,7,313,True,target_reached,1.1382771629499375
solar_diode,random,3,3,True,target_reached,182.10662824491178
solar_diode,random,4,5,True,target_reached,182.10662824491178
solar_diode,random,5,8,True,target_reached,182.10662824491178
solar_diode,random,6,3,True,target_reached,182.10662824491178
solar_diode,random,7,13,True,target_reached,182.10662824491178
solar_diode,sobol,3,13,True,target_reached,182.10662824491178
solar_diode,sobol,4,9,True,target_reached,182.10662824491178
solar_diode,sobol,5,1,True,target_reached,182.10662824491178
solar_diode,sobol,6,5,True,target_reached,182.10662824491178
solar_diode,sobol,7,4,True,target_reached,182.10662824491178
solar_diode,bo,3,10,True,target_reached,182.10662824491178
solar_diode,bo,4,10,True,target_reached,182.10662824491178
solar_diode,bo,5,1,True,target_reached,182.10662824491178
solar_diode,bo,6,5,True,target_reached,182.10662824491178
solar_diode,bo,7,4,True,target_reached,182.10662824491178
