problem,method,seed,completed,evaluation_count,acquisition_count,final_regret,regret_area,total_cost,system_scope,replay_consistent,unresolved_fallback_suggestions,optimizer_overhead_seconds,error
smooth_chain,system,0,True,10,6,0.02850261633257889,0.16586127214328172,10.0,True,True,0,2.831993665546179,
smooth_chain,system,1,True,10,6,0.012990761024928132,0.1839180102544339,10.0,True,True,0,1.7279309155419469,
smooth_chain,system,2,True,10,6,0.028603659686086025,0.21602185571048702,10.0,True,True,0,1.6570843746885657,
smooth_chain,system,3,True,10,6,3.9669764104743876e-05,0.17443096856757506,10.0,True,True,0,2.9855852057226,
smooth_chain,system,4,True,10,6,0.020471464933908723,0.12798953296786708,10.0,True,True,0,1.3515239581465721,
smooth_chain,system,5,True,10,6,0.0015572742515647109,0.1583150516015917,10.0,True,True,0,1.6820973358117044,
smooth_chain,system,6,True,10,6,0.009779095347604683,0.17527413364240152,10.0,True,True,0,2.348728126846254,
smooth_chain,system,7,True,10,6,0.002650705615760862,0.13574307342576195,10.0,True,True,0,1.6386201637797058,
smooth_chain,system,8,True,10,6,0.004882397131406591,0.1765308136671046,10.0,True,True,0,1.53693483537063,
smooth_chain,system,9,True,10,6,0.0014520903589777534,0.1853424819562868,10.0,True,True,0,1.94216745859012,
smooth_chain,function_network_full,0,True,10,6,0.008134394577901327,0.16061453625303695,10.0,True,True,0,1.5441068345680833,
smooth_chain,function_network_full,1,True,10,6,0.004539573749810399,0.15746852957117746,10.0,True,True,0,1.53669512597844,
smooth_chain,function_network_full,2,True,10,6,0.0011347161180251808,0.19103331701147122,10.0,True,True,0,1.5878807897679508,
smooth_chain,function_network_full,3,True,10,6,0.0014055272946116304,0.17331234403970472,10.0,True,True,0,1.623476707842201,
smooth_chain,function_network_full,4,True,10,6,0.005988997063690826,0.12533378443966986,10.0,True,True,0,1.5718370825052261,
smooth_chain,function_network_full,5,True,10,6,0.001940039904328117,0.15773949054567207,10.0,True,True,0,1.5781913357786834,
smooth_chain,function_network_full,6,True,10,6,0.00011396117835738018,0.16780099186131514,10.0,True,True,0,1.5483556240797043,
smooth_chain,function_network_full,7,True,10,6,5.58007985019815e-05,0.12382344998932045,10.0,True,True,0,1.555192917585373,
smooth_chain,function_network_full,8,True,10,6,0.009215684252408263,0.20343438481221848,10.0,True,True,0,1.7025554585270584,
smooth_chain,function_network_full,9,True,10,6,0.002379911902250176,0.17223213344982166,10.0,True,True,0,1.6112373741343617,
constrained_branch,system,0,True,10,6,0.006288795892109733,0.20668458930843475,10.0,True,True,0,4.592811541631818,
constrained_branch,system,1,True,10,6,0.0004322868562989246,0.4188211502870793,10.0,True,True,0,4.918887917418033,
constrained_branch,system,2,True,10,6,0.0005811597731613105,0.24055337005734123,10.0,True,True,0,5.2482062093913555,
constrained_branch,system,3,True,10,6,0.0006305519932118253,0.14597522802082524,10.0,True,True,0,3.3543465826660395,
constrained_branch,system,4,True,10,6,0.0017793639480724321,0.14148219012462074,10.0,True,True,0,4.4442676259204745,
constrained_branch,system,5,True,10,6,0.000487666419980437,0.11685991543077354,10.0,True,True,0,3.4995973724871874,
constrained_branch,system,6,True,10,6,0.0014935137958048683,0.1255620327645513,10.0,True,True,0,4.502949830144644,
constrained_branch,system,7,True,10,6,0.0179491027232882,0.3322258570698958,10.0,True,True,0,6.856137500144541,
constrained_branch,system,8,True,10,6,0.0007944426339224764,0.21192190796313656,10.0,True,True,0,5.342118125874549,
constrained_branch,system,9,True,10,6,0.004361737249392372,0.3490068788470399,10.0,True,True,0,4.475380623247474,
constrained_branch,function_network_full,0,True,10,6,0.0005518836466095189,0.2055708922515819,10.0,True,True,0,3.022745001129806,
constrained_branch,function_network_full,1,True,10,6,0.002927308095295955,0.4103720359262919,10.0,True,True,0,3.0341065009124577,
constrained_branch,function_network_full,2,True,10,6,0.0012924521502726272,0.2369347008455655,10.0,True,True,0,2.990904290229082,
constrained_branch,function_network_full,3,True,10,6,0.0036869327683575204,0.14862479780760568,10.0,True,True,0,3.087870123796165,
constrained_branch,function_network_full,4,True,10,6,0.002155026696864515,0.14424258036048204,10.0,True,True,0,2.945137668401003,
constrained_branch,function_network_full,5,True,10,6,0.008609017122405915,0.11821406829469053,10.0,True,True,0,2.9262916245497763,
constrained_branch,function_network_full,6,True,10,6,0.00018093105692462697,0.1248603422280877,10.0,True,True,0,3.0087943328544497,
constrained_branch,function_network_full,7,True,10,6,7.766718152724117e-06,0.3218107142067268,10.0,True,True,0,3.0914064589887857,
constrained_branch,function_network_full,8,True,10,6,0.001622795174008873,0.20956967807689758,10.0,True,True,0,2.852550166659057,
constrained_branch,function_network_full,9,True,10,6,0.008180517863633607,0.3461180554432111,10.0,True,True,0,3.0121932504698634,
