problem,method,component,selection_count
informative_chain,function_network_full,upstream,0
informative_chain,function_network_full,terminal,0
informative_chain,function_network_partial,upstream,1
informative_chain,function_network_partial,terminal,4
informative_chain,function_network_partial_random,upstream,9
informative_chain,function_network_partial_random,terminal,9
informative_chain,function_network_partial_cheapest_informative,upstream,11
informative_chain,function_network_partial_cheapest_informative,terminal,9
informative_branch,function_network_full,left,0
informative_branch,function_network_full,right,0
informative_branch,function_network_full,terminal,0
informative_branch,function_network_partial,left,0
informative_branch,function_network_partial,right,0
informative_branch,function_network_partial,terminal,1
informative_branch,function_network_partial_random,left,10
informative_branch,function_network_partial_random,right,8
informative_branch,function_network_partial_random,terminal,3
informative_branch,function_network_partial_cheapest_informative,left,7
informative_branch,function_network_partial_cheapest_informative,right,3
informative_branch,function_network_partial_cheapest_informative,terminal,10
