Title,Takeaway,Authors,Year,Citations,Abstract,Study Type,Journal,Journal SJR Quartile,DOI,Consensus Link
"Multi-Model Bayesian Optimization for Simulation-Based Design","Our multi-model Bayesian optimization approach efficiently evaluates one component model per iteration, reducing model evaluation costs and improving design efficiency in complex engineering systems.","Siyu Tao, A. V. Beek, D. Apley, Wei Chen",2021,21,"
 We enhance the Bayesian optimization (BO) approach for simulation-based design of engineering systems consisting of multiple interconnected expensive simulation models. The goal is to find the global optimum design with minimal model evaluation costs. A commonly used approach is to treat the whole system as a single expensive model and apply an existing BO algorithm. This approach is inefficient due to the need to evaluate all the component models in each iteration. We propose a multi-model BO approach that dynamically and selectively evaluates one component model per iteration based on the uncertainty quantification of linked emulators (metamodels) and the knowledge gradient of system response as the acquisition function. Building on our basic formulation, we further solve problems with constraints and feedback couplings that often occur in real complex engineering design by penalizing the objective emulator and reformulating the original problem into a decoupled one. The superior efficiency of our approach is demonstrated through solving two analytical problems and the design optimization of a multidisciplinary electronic packaging system.","","Journal of Mechanical Design","","10.1115/1.4050738","https://consensus.app/papers/multimodel-bayesian-optimization-for-simulationbased-tao-beek/cff0f9c61cdb5ee6b16e7562ed324021/"
"Introducing multiobjective complex systems","This paper introduces a graph-based representation of complex systems and generalizes classical notions of feasibility and optimality to better optimize their performance.","Tobias Dietz, K. Klamroth, Konstantin Kraus, Stefan Ruzika, Luca E. Schäfer, Britta Schulze, Michael Stiglmayr, M. Wiecek",2018,29,"","","Eur. J. Oper. Res.","1","10.1016/j.ejor.2019.07.027","https://consensus.app/papers/introducing-multiobjective-complex-systems-dietz-klamroth/8bfa4085225254b68686f21b12a06ea6/"
"Multi-Objective Bayesian Optimization for Networked Black-Box Systems: A Path to Greener Profits and Smarter Designs","MOBONS, a novel Bayesian optimization-inspired algorithm, efficiently optimizes general function networks, enabling the design of more profitable, resilient, and sustainable engineering systems.","Akshay Kudva, Wei-Ting Tang, J. Paulson",2025,2,"Designing modern industrial systems requires balancing several competing objectives, such as profitability, resilience, and sustainability, while accounting for complex interactions between technological, economic, and environmental factors. Multi-objective optimization (MOO) methods are commonly used to navigate these tradeoffs, but selecting the appropriate algorithm to tackle these problems is often unclear, particularly when system representations vary from fully equation-based (white-box) to entirely data-driven (black-box) models. While grey-box MOO methods attempt to bridge this gap, they typically impose rigid assumptions on system structure, requiring models to conform to the underlying structural assumptions of the solver rather than the solver adapting to the natural representation of the system of interest. In this chapter, we introduce a unifying approach to grey-box MOO by leveraging network representations, which provide a general and flexible framework for modeling interconnected systems as a series of function nodes that share various inputs and outputs. Specifically, we propose MOBONS, a novel Bayesian optimization-inspired algorithm that can efficiently optimize general function networks, including those with cyclic dependencies, enabling the modeling of feedback loops, recycle streams, and multi-scale simulations - features that existing methods fail to capture. Furthermore, MOBONS incorporates constraints, supports parallel evaluations, and preserves the sample efficiency of Bayesian optimization while leveraging network structure for improved scalability. We demonstrate the effectiveness of MOBONS through two case studies, including one related to sustainable process design. By enabling efficient MOO under general graph representations, MOBONS has the potential to significantly enhance the design of more profitable, resilient, and sustainable engineering systems.","","ArXiv","","10.48550/arxiv.2502.14121","https://consensus.app/papers/multiobjective-bayesian-optimization-for-networked-kudva-tang/3a37b31151c851199885cb51ec893499/"
"Bayesian Optimization","Bayesian optimization is a successful methodology for optimizing expensive objective functions in various fields, with this book providing a comprehensive introduction and overview of the subject.","R. Garnett",2023,319,"Bayesian optimization is a methodology for optimizing expensive objective functions that has proven success in the sciences, engineering, and beyond. This timely text provides a self-contained and comprehensive introduction to the subject, starting from scratch and carefully developing all the key ideas along the way. This bottom-up approach illuminates unifying themes in the design of Bayesian optimization algorithms and builds a solid theoretical foundation for approaching novel situations. The core of the book is divided into three main parts, covering theoretical and practical aspects of Gaussian process modeling, the Bayesian approach to sequential decision making, and the realization and computation of practical and effective optimization policies. Following this foundational material, the book provides an overview of theoretical convergence results, a survey of notable extensions, a comprehensive history of Bayesian optimization, and an extensive annotated bibliography of applications.","","","","10.1017/9781108348973","https://consensus.app/papers/bayesian-optimization-garnett/1adf4f5aa9645f66bbd8ff4e73273a9a/"
"Taking the Human Out of the Loop: A Review of Bayesian Optimization","Bayesian optimization is a powerful tool for joint optimization of design choices in Big Data applications, increasing both product quality and human productivity.","Bobak Shahriari, Kevin Swersky, Ziyun Wang, Ryan P. Adams, Nando de Freitas",2015,5467,"Big Data applications are typically associated with systems involving large numbers of users, massive complex software systems, and large-scale heterogeneous computing and storage architectures. The construction of such systems involves many distributed design choices. The end products (e.g., recommendation systems, medical analysis tools, real-time game engines, speech recognizers) thus involve many tunable configuration parameters. These parameters are often specified and hard-coded into the software by various developers or teams. If optimized jointly, these parameters can result in significant improvements. Bayesian optimization is a powerful tool for the joint optimization of design choices that is gaining great popularity in recent years. It promises greater automation so as to increase both product quality and human productivity. This review paper introduces Bayesian optimization, highlights some of its methodological aspects, and showcases a wide range of applications.","literature review","Proceedings of the IEEE","1","10.1109/jproc.2015.2494218","https://consensus.app/papers/taking-the-human-out-of-the-loop-a-review-of-bayesian-shahriari-swersky/9d5e5b94f60f5f3284397431a3d4d821/"
"Recent Advances in Bayesian Optimization","Recent advances in Bayesian optimization, mainly based on Gaussian processes, include improvements in surrogate models and acquisition functions, while addressing open questions and promising future research directions.","Xilu Wang, Yaochu Jin, Sebastian Schmitt, M. Olhofer",2022,531,"Bayesian optimization has emerged at the forefront of expensive black-box optimization due to its data efficiency. Recent years have witnessed a proliferation of studies on the development of new Bayesian optimization algorithms and their applications. Hence, this article attempts to provide a comprehensive and updated survey of recent advances in Bayesian optimization that are mainly based on Gaussian processes and identify challenging open problems. We categorize the existing work on Bayesian optimization into nine main groups according to the motivations and focus of the proposed algorithms. For each category, we present the main advances with respect to the construction of surrogate models and adaptation of the acquisition functions. Finally, we discuss the open questions and suggest promising future research directions, in particular with regard to heterogeneity, privacy preservation, and fairness in distributed and federated optimization systems.","literature review","ACM Computing Surveys","1","10.1145/3582078","https://consensus.app/papers/recent-advances-in-bayesian-optimization-wang-jin/9048a7bf03ec5c8d88b48307d85612c5/"
"Multifidelity Bayesian Optimization: A Review","Multifidelity Bayesian Optimization (MF BO) effectively solves expensive engineering design optimization problems by incorporating physical and mathematical understandings, saving resources, considering uncertainty, and processing parallel computing.","Bach Do, Ruda Zhang",2023,21,"Resided at the intersection of multifidelity optimization (MFO) and Bayesian optimization (BO), MF BO has found a niche in solving expensive engineering design optimization problems, thanks to its advantages in incorporating physical and mathematical understandings of the problems, saving resources, addressing exploitation–exploration trade-off, considering uncertainty, and processing parallel computing. The increasing number of works dedicated to MF BO suggests the need for a comprehensive review of this advanced optimization technique. This paper surveys recent developments of two essential ingredients of MF BO: Gaussian process (GP) based MF surrogates and acquisition functions. First the existing MF modeling methods and MFO strategies are categorized to locate MF BO in a large family of surrogate-based optimization and MFO algorithms. Then, the common properties shared between the methods from each ingredient of MF BO are exploited to describe important GP-based MF surrogate models and to review various acquisition functions. This presentation aims to provide a structured understanding of MF BO. Finally, important aspects are examined that require further research for applications of MF BO in solving intricate yet important design optimization problems, including constrained optimization, high-dimensional optimization, optimization under uncertainty, and multiobjective optimization.","","AIAA Journal","1","10.2514/1.j063812","https://consensus.app/papers/multifidelity-bayesian-optimization-a-review-do-zhang/d0a8bfea83a853fb8587f63e52161b9a/"
"Bayesian optimization as a flexible and efficient design framework for sustainable process systems","Bayesian optimization (BO) is a flexible and efficient design framework for sustainable process systems, with applications in various fields and challenging opportunities for improving model quality, internal optimization procedures, and sample efficiency.","J. Paulson, Calvin Tsay",2024,70,"Bayesian optimization (BO) is a powerful technology for optimizing noisy expensive-to-evaluate black-box functions, with a broad range of real-world applications in science, engineering, economics, manufacturing, and beyond. In this paper, we provide an overview of recent developments, challenges, and opportunities in BO for design of next-generation process systems. After describing several motivating applications, we discuss how advanced BO methods have been developed to more efficiently tackle important problems in these applications. We conclude the paper with a summary of challenges and opportunities related to improving the quality of the probabilistic model, the choice of internal optimization procedure used to select the next sample point, and the exploitation of problem structure to improve sample efficiency.","literature review","ArXiv","1","10.48550/arxiv.2401.16373","https://consensus.app/papers/bayesian-optimization-as-a-flexible-and-efficient-design-paulson-tsay/536af11b549c5f85ba708aeb0f2b3b06/"
"Efficient probabilistic multi-objective optimization of complex systems using matrix-based Bayesian network","The matrix-based Bayesian network (MBN) effectively optimizes complex systems by considering multiple objectives and uncertainties, with a proxy measure reducing complexity and identifying non-dominated solutions.","Ji-Eun Byun, Junho Song",2020,14,"","","Reliab. Eng. Syst. Saf.","1","10.1016/j.ress.2020.106899","https://consensus.app/papers/efficient-probabilistic-multiobjective-optimization-of-byun-song/27ff25aa1e7a57b292e10f4e0e761fc7/"
"Bayesian preference elicitation for decision support in multiobjective optimization","Our Bayesian preference elicitation method efficiently discovers high-utility solutions in multiobjective optimization problems, simplifying the decision-making process.","Felix Huber, Sebastian Rojas-Gonzalez, Raul Astudillo",2025,6,"We present a novel approach to help decision‐makers efficiently identify preferred solutions from the Pareto set of a multi‐objective optimization problem. Our method uses a Bayesian model to estimate the decision‐maker's utility function based on pairwise comparisons. Aided by this model, a principled elicitation strategy selects queries interactively to balance exploration and exploitation, guiding the discovery of high‐utility solutions. The approach is flexible: it can be used interactively or a posteriori after estimating the Pareto front through standard multi‐objective optimization techniques. Additionally, at the end of the elicitation phase, it generates a reduced menu of high‐quality solutions, simplifying the decision‐making process. Through experiments on test problems with up to nine objectives, our method demonstrates superior performance in finding high‐utility solutions with a small number of queries. We also provide an open‐source implementation of our method to support its adoption by the broader community.","","ArXiv","2","10.1002/mcda.70019","https://consensus.app/papers/bayesian-preference-elicitation-for-decision-support-in-huber-rojas-gonzalez/1d2a458f2e0f599eb75781cbeb13617d/"
"Bayesian Optimization of Multiobjective Functions Using Multiple Information Sources","This multi-information source framework efficiently optimizes multiobjective functions, considering both potential improvement and cost, as demonstrated in a test problem and aerostructural wing design problem.","Danial Khatamsaz, Lalith Peddareddygari, Sam Friedman, D. Allaire",2021,11,"Multiobjective optimization is often a difficult task owing to the need to balance competing objectives. A typical approach to handling this is to estimate a Pareto frontier in objective space by identifying nondominated points. This task is typically computationally demanding owing to the need to incorporate information of high enough fidelity to be trusted in design and decision-making processes. In this work, we present a multi-information source framework for enabling efficient multiobjective optimization. The framework allows for the exploitation of all available information and considers both potential improvement and cost. The framework includes ingredients of model fusion, expected hypervolume improvement, and intermediate Gaussian process surrogates. The approach is demonstrated on a test problem and an aerostructural wing design problem.","","AIAA Journal","1","10.2514/1.j059803","https://consensus.app/papers/bayesian-optimization-of-multiobjective-functions-using-khatamsaz-peddareddygari/a4075c96ccdc593aa86ced16a0f5c1dc/"
"Multiobjective Bayesian Optimization for Aeroengine Using Multiple Information Sources","This study proposes a multi-information-source framework for efficient multiobjective Bayesian optimization in aeroengine performance improvement, utilizing multiple information sources with different costs and accuracy.","Ran Chen, Jingjiang Yu, Zhengen Zhao, Yuzhe Li, J. Fu, Tianyou Chai",2023,16,"Aeroengine performance optimization rem- ains significant for both efficiency and safety during specific operating conditions. Previous works usually solve this optimization problem under a single-objective optimization framework, while multiple objectives need to be optimized simultaneously. Besides, the underlying optimization process requires a variety of function evaluations, and the evaluation cost for an aeroengine is expensive. In reality, the aeroengine model has multiple information sources with different costs and accuracy. The different costs and accuracy of the multiple information sources should be traded off to guide the search for the optimal in a cost-efficient way. Therefore, we propose a multi-information-source framework for enabling efficient multiobjective Bayesian optimization. We construct the surrogate model with a multifidelity Gaussian process and choose the location–source pair with a modified acquisition function. Finally, we apply the proposed method to improve the performance indexes of the aeroengine, which confirms the efficiency of the proposed algorithm.","","IEEE Transactions on Industrial Informatics","1","10.1109/tii.2023.3245687","https://consensus.app/papers/multiobjective-bayesian-optimization-for-aeroengine-chen-yu/35b4e891f5e75f57962b7bf5788527e8/"
"High-Dimensional Multi-Objective Bayesian Optimization With Block Coordinate Updates: Case Studies in Intelligent Transportation System","Block-MOBO effectively solves high-dimensional expensive multi-objective problems in transportation systems with lower complexity and better solution distribution compared to other methods.","Hongyan Wang, Hua-Hui Xu, Zeqiu Zhang",2024,25,"Many transportation system problems can be formulated as high-dimensional expensive multi-objective problems. They are challenging for Gaussian process-based Bayesian optimization methods to find the Pareto fronts due to the curse of dimensionality and the boundary issue in the acquisition function optimization. This paper presents a multi-objective Bayesian optimization method with block coordinate updates, Block-MOBO, to solve high-dimensional expensive multi-objective problems. Block-MOBO first partitions the decision variable space into different blocks, each of which includes a low-dimensional multi-objective problem. At each iteration, one block is considered and the decision variables not in this block are approximated by context-vector generation embedded with the Pareto prior knowledge thus promoting convergence. To tackle the boundary issue, we present <inline-formula> <tex-math notation=""LaTeX"">$\epsilon $ </tex-math></inline-formula>-greedy acquisition function in a Bayesian and multi-objective fashion, which recommends candidates either from the exploitation-exploration trade-off perspective or with probability <inline-formula> <tex-math notation=""LaTeX"">$\epsilon $ </tex-math></inline-formula> from the Pareto dominance relationship perspective. We verify the effectiveness of Block-MOBO by comparing it with other multi-objective Bayesian methods on two real-world optimization problems in transportation system and three multi-objective synthetic test suites. The experimental results show that Block-MOBO can find more evenly distributed and non-dominated solutions in the whole search space with lower complexity compared with other state-of-the-art approaches. Our analyses illustrate that block coordinate updates and <inline-formula> <tex-math notation=""LaTeX"">$\epsilon $ </tex-math></inline-formula>-greedy acquisition function contribute to computational complexity reduction and convergence-diversity trade-offs, respectively.","","IEEE Transactions on Intelligent Transportation Systems","1","10.1109/tits.2023.3241069","https://consensus.app/papers/highdimensional-multiobjective-bayesian-optimization-wang-xu/19f0d298fee25720b1955ae2cef515e1/"
"A Survey on High-dimensional Gaussian Process Modeling with Application to Bayesian Optimization","High-dimensional Gaussian process modeling can improve Bayesian optimization efficiency on problems with many parameters, but requires modifications to the acquisition function optimization strategy.","M. Binois, Nathan Wycoff",2021,213,"Bayesian Optimization (BO), the application of Bayesian function approximation to finding optima of expensive functions, has exploded in popularity in recent years. In particular, much attention has been paid to improving its efficiency on problems with many parameters to optimize. This attention has trickled down to the workhorse of high-dimensional BO, high-dimensional Gaussian process regression, which is also of independent interest. The great flexibility that the Gaussian process prior implies is a boon when modeling complicated, low-dimensional surfaces but simply says too little when dimension grows too large. A variety of structural model assumptions have been tested to tame high dimensions, from variable selection and additive decomposition to low-dimensional embeddings and beyond. Most of these approaches in turn require modifications of the acquisition function optimization strategy as well. Here, we review the defining structural model assumptions and discuss the benefits and drawbacks of these approaches in practice.","literature review","ACM Transactions on Evolutionary Learning and Optimization","","10.1145/3545611","https://consensus.app/papers/a-survey-on-highdimensional-gaussian-process-modeling-binois-wycoff/3694ec6ddec55ad09b9d1228edd07b7c/"
"A Multiform Optimization Framework for Constrained Multiobjective Optimization","The proposed multiform optimization framework effectively utilizes knowledge from both feasible and infeasible solutions in constrained multiobjective optimization problems, outperforming existing methods.","Ruwang Jiao, Bing Xue, Mengjie Zhang",2022,87,"Constrained multiobjective optimization problems (CMOPs) pose great difficulties to the existing multiobjective evolutionary algorithms (MOEAs), in terms of constraint handling and the tradeoffs between diversity and convergence. The constraints divide the search space into feasible and infeasible regions. A key to solving CMOPs is how to effectively utilize the information of both feasible and infeasible solutions during the optimization process. In this article, we propose a multiform optimization framework to solve a CMOP task together with an auxiliary CMOP task in a multitask setting. The proposed framework is designed to conduct a search in different sizes of feasible space that is derived from the original CMOP task. The derived feasible space is easier to search and can provide a useful inductive bias to the search process of the original CMOP task, by leveraging the transferable knowledge shared between them, thereby helping the search to toward the Pareto optimal solutions from both the infeasible and feasible regions of the search space. The proposed framework is instantiated in three kinds of MOEAs: 1) dominance-based; 2) decomposition-based; and 3) indicator-based algorithms. Experiments on four sets of benchmark test problems demonstrate the superiority of the proposed method over four representative constraint-handling techniques. In addition, the comparison against five state-of-the-art-constrained MOEAs demonstrates that the proposed approach outperforms these contender algorithms. Finally, the proposed method is successfully applied to solve a real-world antenna array synthesis problem.","","IEEE Transactions on Cybernetics","1","10.1109/tcyb.2022.3178132","https://consensus.app/papers/a-multiform-optimization-framework-for-constrained-jiao-xue/0badc14229fb53df9de5bce3081e2fb3/"
"Multigranularity Surrogate Modeling for Evolutionary Multiobjective Optimization With Expensive Constraints","The proposed multigranularity surrogate modeling framework for evolutionary algorithms improves performance on multiobjective optimization problems with expensive constraints, outperforming seven state-of-the-art competitors.","Yajie Zhang, Hao Jiang, Ye Tian, Haiping Ma, Xingyi Zhang",2023,39,"Multiobjective optimization problems (MOPs) with expensive constraints pose stiff challenges to existing surrogate-assisted evolutionary algorithms (SAEAs) in a very limited computational cost, due to the fact that the number of expensive constraints for an MOP is often large. For existing SAEAs, they always approximate constraint functions in a single granularity, namely, approximating the constraint violation (CV, coarse-grained) or each constraint (fine-grained). However, the landscape of CV is often too complex to be accurately approximated by a surrogate model. Although the modeling of each constraint function may be simpler than that of CV, approximating all the constraint functions independently may result in tremendous cumulative errors and high computational costs. To address this issue, in this article, we develop a multigranularity surrogate modeling framework for evolutionary algorithms (EAs), where the approximation granularity of constraint surrogates is adaptively determined by the position of the population in the fitness landscape. Moreover, a dedicated model management strategy is also developed to reduce the impact resulting from the errors introduced by constraint surrogates and prevent the population from trapping into local optima. To evaluate the performance of the proposed framework, an implementation called K-MGSAEA is proposed, and the experimental results on a large number of test problems show that the proposed framework is superior to seven state-of-the-art competitors.","","IEEE Transactions on Neural Networks and Learning Systems","1","10.1109/tnnls.2023.3297624","https://consensus.app/papers/multigranularity-surrogate-modeling-for-evolutionary-zhang-jiang/b7335b2ba73c5a9b8398624aa51e614c/"
"A game theoretic perspective on Bayesian multi-objective optimization","Bayesian optimization and game theory concepts can efficiently solve many-objective optimization problems in computationally demanding black-box simulation contexts.","M. Binois, A. Habbal, V. Picheny",2021,1,"This chapter addresses the question of how to efficiently solve many-objective optimization problems in a computationally demanding black-box simulation context. We shall motivate the question by applications in machine learning and engineering, and discuss specific harsh challenges in using classical Pareto approaches when the number of objectives is four or more. Then, we review solutions combining approaches from Bayesian optimization, e.g., with Gaussian processes, and concepts from game theory like Nash equilibria, Kalai-Smorodinsky solutions and detail extensions like Nash-Kalai-Smorodinsky solutions. We finally introduce the corresponding algorithms and provide some illustrating results.","","","","","https://consensus.app/papers/a-game-theoretic-perspective-on-bayesian-multiobjective-binois-habbal/3773125e1abe5e75a91b6e2eb3019b8e/"
"A robust multi-objective Bayesian optimization framework considering input uncertainty","This novel Bayesian optimization framework effectively performs multi-objective optimization considering input uncertainty, providing robust solutions for real-life applications like engineering design.","Jixiang Qing, I. Couckuyt, T. Dhaene",2022,18,"Bayesian optimization is a popular tool for optimizing time-consuming objective functions with a limited number of function evaluations. In real-life applications like engineering design, the designer often wants to take multiple objectives as well as input uncertainty into account to find a set of robust solutions. While this is an active topic in single-objective Bayesian optimization, it is less investigated in the multi-objective case. We introduce a novel Bayesian optimization framework to perform multi-objective optimization considering input uncertainty. We propose a robust Gaussian Process model to infer the Bayes risk criterion to quantify robustness, and we develop a two-stage Bayesian optimization process to search for a robust Pareto frontier, i.e., solutions that have good average performance under input uncertainty. The complete framework supports various distributions of the input uncertainty and takes full advantage of parallel computing. We demonstrate the effectiveness of the framework through numerical benchmarks.","","Journal of Global Optimization","2","10.1007/s10898-022-01262-9","https://consensus.app/papers/a-robust-multiobjective-bayesian-optimization-framework-qing-couckuyt/ed5e09a0de945a699ca6f1279cd75398/"
"Bayesian optimization for mixed-variable, multi-objective problems","MixMOBO is a flexible Bayesian optimization framework that efficiently finds diverse solutions for mixed-variable, multi-objective problems, outperforming other methods on synthetic and real-world design challenges.","H. Sheikh, P. Marcus",2022,20,"Optimizing multiple, non-preferential objectives for mixed variable, expensive black-box problems is important in many areas of engineering and science. The expensive, noisy, black-box nature of these problems makes them ideal candidates for Bayesian optimization (BO). mixed variable and multi-objective problems, however, are a challenge due to BO’s underlying smooth Gaussian process surrogate model. Current multi-objective BO algorithms cannot deal with mixed variable problems. We present MixMOBO, the first mixed variable, multi-objective Bayesian optimization framework for such problems. Using MixMOBO, optimal Pareto-fronts for multi-objective, mixed variable design spaces can be found efficiently while ensuring diverse solutions. The method is sufficiently flexible to incorporate different kernels and acquisition functions, including those that were developed for mixed variable or multi-objective problems by other authors. We also present HedgeMO, a modified Hedge strategy that uses a portfolio of acquisition functions for multi-objective problems. We present a new acquisition function, SMC. Our results show that MixMOBO performs well against other mixed variable algorithms on synthetic problems. We apply MixMOBO to the real-world design of an architected material and show that our optimal design, which was experimentally fabricated and validated, has a normalized strain energy density 104\documentclass[12pt]{minimal} \usepackage{amsmath} \usepackage{wasysym} \usepackage{amsfonts} \usepackage{amssymb} \usepackage{amsbsy} \usepackage{mathrsfs} \usepackage{upgreek} \setlength{\oddsidemargin}{-69pt} \begin{document}$$10^4$$\end{document} times greater than existing structures.","","Structural and Multidisciplinary Optimization","1","10.1007/s00158-022-03382-y","https://consensus.app/papers/bayesian-optimization-for-mixedvariable-multiobjective-sheikh-marcus/cde72bac132f54518cfe9b08aa41ad7c/"
"A novel Bayesian approach for multi-objective stochastic simulation optimization","This novel Bayesian optimization framework improves convergence and diversity of Pareto-optimal solutions in multi-objective stochastic simulations, handling heterogeneous noise and improving performance in complex engineering systems.","Mei Han, Linhan Ouyang",2022,10,"","","Swarm Evol. Comput.","1","10.1016/j.swevo.2022.101192","https://consensus.app/papers/a-novel-bayesian-approach-for-multiobjective-stochastic-han-ouyang/c2e459414cff56c2a8bfaf7e68148dc6/"
"Linear Subspace Surrogate Modeling for Large-Scale Expensive Single/Multiobjective Optimization","The proposed linear subspace surrogate modeling method effectively addresses large-scale expensive optimization challenges, outperforming six comparison algorithms on single-objective and multiobjective problems with up to 1500 decision variables.","Langchun Si, Xing-yi Zhang, Ye Tian, Shangshang Yang, Limiao Zhang, Yaochu Jin",2025,39,"Despite that the surrogate-assisted evolutionary algorithms have achieved great success in addressing expensive optimization problems, they still suffer from stiff challenges when the number of dimensions of problems becomes large. The primary reason lies in that it is very hard to build an acceptable surrogate model in the high-dimensional search space with small amounts of evaluated historical data in evolution. To tackle this issue, we suggest an effective surrogate modeling method for large-scale expensive optimization in this article, where the models are built on a number of linear subspaces instead of the original search space. Specifically, a linear subspace is constructed by a pair of points/solutions which are generated based on the set of elite solutions. For each linear subspace, several historical solutions are first associated according to their distance to the linear subspace, and then a surrogate model is trained by the associated solutions and used to evaluate the offspring. To ensure the exploration and exploitation capacity of the proposed method, these linear subspaces and the surrogate models are updated after a few iterations. Experimental results on CEC’2010 and CEC’2013 single-objective optimization problems with up to 1500 decision variables show that the proposed algorithm is superior over six comparison algorithms. Moreover, we also extend the proposed algorithm to multiobjective optimization problems and verified its competitiveness on problems with up to 1500 decision variables.","","IEEE Transactions on Evolutionary Computation","1","10.1109/tevc.2023.3319640","https://consensus.app/papers/linear-subspace-surrogate-modeling-for-largescale-si-zhang/261bba15b43c5832bcd084afbf118c45/"
"Leveraging trust for joint multi-objective and multi-fidelity optimization","Our novel approach incorporating trust gain per evaluation cost in multi-objective and multi-fidelity optimization significantly reduces costs and improves performance in multi-dimensional optimizations.","F. Irshad, S. Karsch, A. Döpp",2021,17,"In the pursuit of efficient optimization of expensive-to-evaluate systems, this paper investigates a novel approach to Bayesian multi-objective and multi-fidelity (MOMF) optimization. Traditional optimization methods, while effective, often encounter prohibitively high costs in multi-dimensional optimizations of one or more objectives. Multi-fidelity approaches offer potential remedies by utilizing multiple, less costly information sources, such as low-resolution approximations in numerical simulations. However, integrating these two strategies presents a significant challenge. We propose the innovative use of a trust metric to facilitate the joint optimization of multiple objectives and data sources. Our methodology introduces a modified multi-objective (MO) optimization policy incorporating the trust gain per evaluation cost as one of the objectives of a Pareto optimization problem. This modification enables simultaneous MOMF optimization, which proves effective in establishing the Pareto set and front at a fraction of the cost. Two specific methods of MOMF optimization are presented and compared: a holistic approach selecting both the input parameters and the fidelity parameter jointly, and a sequential approach for benchmarking. Through benchmarks on synthetic test functions, our novel approach is shown to yield significant cost reductions—up to an order of magnitude compared to pure MO optimization. Furthermore, we find that joint optimization of the trust and objective domains outperforms sequentially addressing them. We validate our findings with the specific use case of optimizing particle-in-cell simulations of laser-plasma acceleration, highlighting the practical potential of our method in the Pareto optimization of highly expensive black-box functions. Implementation of the methods in existing Bayesian optimization frameworks is straightforward, with immediate extensions e.g. to batch optimization possible. Given their ability to handle various continuous or discrete fidelity dimensions, these techniques have wide-ranging applicability in tackling simulation challenges across various scientific computing fields such as plasma physics and fluid dynamics.","","Machine Learning: Science and Technology","1","10.1088/2632-2153/ad35a4","https://consensus.app/papers/leveraging-trust-for-joint-multiobjective-and-irshad-karsch/51080cb5d54f5e778f5ee6125be12612/"
"Multi-objective optimization based on surrogate models for sustainable building design: A systematic literature review","Multi-objective optimization based on surrogate models can enhance sustainable building design, but further research is needed in data mining, transfer learning techniques, and building resilience.","A.S. Cruz, L. Caldas, V.M. Mendes, J.C. Mendes, L.E.G. Bastos",2024,48,"","systematic review","Building and Environment","1","10.1016/j.buildenv.2024.112147","https://consensus.app/papers/multiobjective-optimization-based-on-surrogate-models-cruz-caldas/f8e24f6d66f1597abbbf0c44d8c7cf4f/"
"Multi-Objective BiLevel Optimization by Bayesian Optimization","Our hybrid Bayesian optimization algorithm is more efficient and effective in solving multi-objective bilevel optimization problems, addressing multiple objectives and considering leader's uncertainty.","V. Dogan, Steven D. Prestwich",2024,5,"In a multi-objective optimization problem, a decision maker has more than one objective to optimize. In a bilevel optimization problem, there are the following two decision-makers in a hierarchy: a leader who makes the first decision and a follower who reacts, each aiming to optimize their own objective. Many real-world decision-making processes have various objectives to optimize at the same time while considering how the decision-makers affect each other. When both features are combined, we have a multi-objective bilevel optimization problem, which arises in manufacturing, logistics, environmental economics, defence applications and many other areas. Many exact and approximation-based techniques have been proposed, but because of the intrinsic nonconvexity and conflicting multiple objectives, their computational cost is high. We propose a hybrid algorithm based on batch Bayesian optimization to approximate the upper-level Pareto-optimal solution set. We also extend our approach to handle uncertainty in the leader’s objectives via a hypervolume improvement-based acquisition function. Experiments show that our algorithm is more efficient than other current methods while successfully approximating Pareto-fronts.","","Algorithms","2","10.3390/a17040146","https://consensus.app/papers/multiobjective-bilevel-optimization-by-bayesian-dogan-prestwich/df837af7cdfa569fab5663035dbcfbb4/"
"Parallel multi-objective Bayesian optimization approaches based on multi-fidelity surrogate modeling","The proposed parallel MOBO approaches based on multi-fidelity surrogate modeling significantly improve optimization efficiency and convergence speed in aerospace product design optimizations.","Quan Lin, Jiexiang Hu, Qi Zhou",2023,21,"","","Aerospace Science and Technology","1","10.1016/j.ast.2023.108725","https://consensus.app/papers/parallel-multiobjective-bayesian-optimization-lin-hu/b27968d2c98658aab8a1c2fc998b9a39/"
"Multi-objective Bayesian Optimization With Mixed-categorical Design Variables for Expensive-to-evaluate Aeronautical Applications","SEGOMOE effectively optimizes complex aeronautical systems with multiple objectives and design variables, demonstrating favorable results in practical applications.","Nathalie Bartoli, T. Lefebvre, R. Lafage, Paul Maxime Valentin Saves, Y. Diouane, Joseph Morlier, J. Bussemaker, Giuseppa Donelli, Joao Marcos Gomes Mello, Massimo Mandorino, P. Vecchia",2025,5,"This work aims at developing new methodologies to optimize computational costly complex systems (e.g., aeronautical engineering systems). The proposed surrogate-based method (often called Bayesian optimization) uses adaptive sampling to promote a trade-off between exploration and exploitation. Our in-house implementation, called SEGOMOE, handles a high number of design variables (continuous, discrete or categorical) and nonlinearities by combining mixtures of experts for the objective and/or the constraints. Additionally, the method handles multi-objective optimization settings, as it allows the construction of accurate Pareto fronts with a minimal number of function evaluations. Different infill criteria have been implemented to handle multiple objectives with or without constraints. The effectiveness of the proposed method was tested on practical aeronautical applications within the context of the European Project AGILE 4.0 and demonstrated favorable results. A first example concerns a retrofitting problem where a comparison between two optimizers have been made. A second example introduces hierarchical variables to deal with architecture system in order to design an aircraft family. The third example increases drastically the number of categorical variables as it combines aircraft design, supply chain and manufacturing process. In this article, we show, on three different realistic problems, various aspects of our optimization codes thanks to the diversity of the treated aircraft problems.","","ArXiv","","10.48550/arxiv.2504.09930","https://consensus.app/papers/multiobjective-bayesian-optimization-with-bartoli-lefebvre/81dbf4ec89795752bf4b2d405b3f05b9/"
"Research on Mathematical Modeling and Solution Method of Complex System Based on Multi-Objective Optimization Algorithm","The improved multi-objective optimization algorithm effectively addresses multi-objective conflicts in complex systems, improving model solving efficiency and solution quality.","Lihua Guo",2025,0,"Complex systems, due to their intrinsic nonlinearity, strong coupling and multi-objective characteristics, make mathematical modeling and solving an important challenge in theoretical research and practical applications. Multi-objective optimization algorithms, as an important tool for solving such problems, have received extensive attention and in-depth research in recent years. With the development of modern system synergization and integration, the resource interaction between systems and between systems and the environment is more and more frequent, and the systems are more and more systematized and networked. The system design method based on MBSE faces the challenges of interdisciplinarity and interdisciplinarity, and it is necessary to extend the system design method based on MBSE to the structural design of the system to cope with the demand of the structural design of the system under the complex scenarios, and systematically expounds the modeling method of multi-objective optimization problem; in view of the limitations of the classical multi-objective optimization algorithm in solving the problems of the complex system, the optimization algorithm with stronger adaptability and efficiency is designed and improved, and experimentally verified. In view of the limitations of classical multi-objective optimization algorithms in solving complex system problems, an optimization algorithm with stronger adaptability and efficiency is designed and improved, and its superior performance in terms of convergence and diversity is verified through experiments. The results show that the improved optimization algorithm is not only able to effectively deal with the multi-objective conflict problem of complex systems, but also has significant improvement in the model solving efficiency and solution quality. This paper provides new theoretical support and technical means for mathematical modeling and solving of complex systems, and points out the direction for further research in related fields.","","2025 International Conference on Digital Analysis and Processing, Intelligent Computation (DAPIC)","","10.1109/dapic66097.2025.00136","https://consensus.app/papers/research-on-mathematical-modeling-and-solution-method-of-guo/791b4298ce4457b294a1a2c67efb10c7/"
"A Comprehensive Approach to Optimizing Complex Systems","Optimizing complex systems can improve performance and reduce computation, with multiple models and quantum optimization ideas aiding in the balancing act of exploration, exploitation, and estimation.","Z. Zabinsky, Pariyakorn Maneekul",2025,1,"Optimization viewed broadly can aid in designing, analyzing, and operating complex systems, from strategic policy planning to last-mile distribution to optimal control of dynamical systems. The optimization model, including decision variables, objective functions, and constraints, requires performance metrics that are often evaluated via black-box simulations. We summarize algorithms that can address black-box noisy functions, mixed integer- and real-valued variables, and multiple objectives. Multiple models (e.g., Gaussian processes, neural networks, queueing networks) can be used in conjunction with a computationally expensive model (e.g., simulation) to predict performance and reduce overall computation. A key issue in solving an optimization model is to dynamically allocate computational effort to efficiently search for the global optimum. The dilemma of exploration vs exploitation vs estimation is evident in machine learning and global optimization. We discuss sampling distributions that provide insights into this balancing act, and how ideas in quantum optimization provide approaches to optimizing complex systems.","","2025 Winter Simulation Conference (WSC)","","10.1109/wsc68292.2025.11338921","https://consensus.app/papers/a-comprehensive-approach-to-optimizing-complex-systems-zabinsky-maneekul/240e40c7a4ac50e18cb8abd262bf5fdf/"
"A New Multi-Objective Bayesian Optimization Formulation With the Acquisition Function for Convergence and Diversity","The proposed multi-objective Bayesian optimization approach with the acquisition function improves Pareto solutions with reduced computational cost, compared to state-of-the-art methods.","Leshi Shu, P. Jiang, X. Shao, Yan Wang",2020,39,"
 Bayesian optimization is a metamodel-based global optimization approach that can balance between exploration and exploitation. It has been widely used to solve single-objective optimization problems. In engineering design, making trade-offs between multiple conflicting objectives is common. In this work, a multi-objective Bayesian optimization approach is proposed to obtain the Pareto solutions. A novel acquisition function is proposed to determine the next sample point, which helps improve the diversity and convergence of the Pareto solutions. The proposed approach is compared with some state-of-the-art metamodel-based multi-objective optimization approaches with four numerical examples and one engineering case. The results show that the proposed approach can obtain satisfactory Pareto solutions with significantly reduced computational cost.","","Journal of Mechanical Design","","10.1115/1.4046508","https://consensus.app/papers/a-new-multiobjective-bayesian-optimization-formulation-shu-jiang/4df1d2f33b8f5447af21541c84797c8c/"
"Theory, computation, and practice of multiobjective optimisation","This special issue highlights recent developments in multiobjective optimisation, covering scheduling, mixed integer linear, and nonlinear problems, with applications in various decision-making situations.","M. Ehrgott, A. Engau, M. Wiecek",2022,1,"we decided to organise a special issue on theory, computation, and practice of multiobjective optimisation.Since at the two conferences many presentations addressed a variety of different multiobjective optimisation problems, we decided to focus this special issue distinctively on recent developments in multiobjective optimisation falling within the a posteriori paradigm of multiple criteria decision making (MCDM).Motivated by the prevalence of presentations on this topic, our goal was to give the international community an opportunity to publish papers proposing models, methods, and algorithms for multiobjective optimisation and their supporting mathematical theory.In addition, to make the future volume appealing to scientists, engineers, and practitioners, the final call for papers also asked for manuscripts describing important applications of multiobjective optimisation in practice.In total, we received 38 submissions for this issue.Of these submissions, 15 papers were out of scope by addressing other topics in the MCDM area; 9 papers were rejected following reviews; 1 paper was withdrawn by the authors during the review process; and 13 papers were accepted.These 13 papers constitute this special issue.The topics addressed in these papers follow the recent trends observed in the optimisation area in general.The type of optimisation problems addressed ranges from scheduling problems with two objectives to mixed integer linear optimisation problems and nonlinear optimization problems, both with only continuous and with continuous as well as binary variables.Some multiobjective models are specifically bi-or tri-objective while the methods include exact, heuristic, or hybrid algorithms to compute or approximate the Pareto set of these problems.Exact methods are typically used for small-size problems while heuristic or hybrid algorithms are designed for large-scale instances for which they prove to be competitive.The presented applications reflect the type of decision-making situations that are important but challenging and therefore of interest to researchers.","","Annals of Operations Research","1","10.1007/s10479-022-05051-1","https://consensus.app/papers/theory-computation-and-practice-of-multiobjective-ehrgott-engau/87cfd16b3f385ee69374e12a4a7752a2/"
"Multiobjective aerodynamic design optimization of the NASA common research model","Our batch Pareto optimal Thompson sampling approach improves sample efficiency and accuracy in multiobjective aerodynamic design optimization, achieving more realistic designs.","Kade Carlson, Ashwin Renganathan",2025,0,"","","Aerospace Science and Technology","1","10.1016/j.ast.2025.111120","https://consensus.app/papers/multiobjective-aerodynamic-design-optimization-of-the-carlson-renganathan/a20a457be1c255a5b19902385422c885/"
"A composite Bayesian optimisation framework for material and structural design","The Bayesian optimisation framework significantly improves efficiency and quality in material and structural design processes, particularly in nonlinear settings.","R.P. Cardoso Coelho, A. C. Carvalho Alves, T.M. Nogueira Pires, F.M. Andrade Pires",2025,16,"","","Computer Methods in Applied Mechanics and Engineering","1","10.1016/j.cma.2024.117516","https://consensus.app/papers/a-composite-bayesian-optimisation-framework-for-material-coelho-alves/ecd8e3a97a8853a5b0b451ae7f6eb38f/"
"Advanced Computational Methods for Modeling, Prediction and Optimization—A Review","Advanced computational methods, including AI, significantly improve accuracy and efficiency in modeling, simulation, and optimization of complex systems in materials engineering, mechanical engineering, and energy systems.","J. Krzywański, M. Sosnowski, K. Grabowska, A. Zylka, L. Lasek, A. Kijo-Kleczkowska",2024,103,"This paper provides a comprehensive review of recent advancements in computational methods for modeling, simulation, and optimization of complex systems in materials engineering, mechanical engineering, and energy systems. We identified key trends and highlighted the integration of artificial intelligence (AI) with traditional computational methods. Some of the cited works were previously published within the topic: ""Computational Methods: Modeling, Simulations, and Optimization of Complex Systems""; thus, this article compiles the latest reports from this field. The work presents various contemporary applications of advanced computational algorithms, including AI methods. It also introduces proposals for novel strategies in materials production and optimization methods within the energy systems domain. It is essential to optimize the properties of materials used in energy. Our findings demonstrate significant improvements in accuracy and efficiency, offering valuable insights for researchers and practitioners. This review contributes to the field by synthesizing state-of-the-art developments and suggesting directions for future research, underscoring the critical role of these methods in advancing engineering and technological solutions.","literature review","Materials","2","10.3390/ma17143521","https://consensus.app/papers/advanced-computational-methods-for-modeling-prediction-krzywaski-sosnowski/290c3e2762d35b658ae323886ddc9e55/"
"A Novel Evolutionary Bayesian Optimization Algorithm Based on Decomposition for Expensive Constrained Multiobjective Optimization Problems","","Zhiyao Zhang, Yong Wang, Guangyong Sun, Tong Pang",2026,0,"This article proposes a novel constrained multiobjective evolutionary Bayesian optimization algorithm based on decomposition (named CMOEBO/D) for expensive constrained multiobjective optimization problems (CMOPs). In CMOEBO/D, an expensive CMOP is decomposed into some approximate constrained subproblems by Gaussian process models, reference vectors, and the augmented Tchebycheff function. Then, we devise a new infill criterion (named CPoB) to evaluate the performance of solutions. Specifically, in CPoB, on each approximate constrained subproblem, any two solutions are compared based on the product of two probabilities. For each solution, the first probability (denoted as PoB) is its likelihood of outperforming the other in terms of the predicted augmented Tchebycheff function value, and the second probability (denoted as PoF) is its likelihood of satisfying all constraints. It is obvious that PoB and PoF measure the convergence and feasibility of a solution, respectively. Based on CPoB, the approximate constrained subproblems are solved via collaborative evolutionary optimization to obtain their near-optimal solutions. Furthermore, by combining the information of the database, we design a bilevel candidate selection strategy to select some of these near-optimal solutions for expensive fitness evaluations, which can make good diversity, convergence, and feasibility contributions simultaneously to the database. Extensive experiments verify the competitiveness of CMOEBO/D.","","IEEE Transactions on Systems, Man, and Cybernetics: Systems","1","10.1109/tsmc.2025.3637210","https://consensus.app/papers/a-novel-evolutionary-bayesian-optimization-algorithm-zhang-wang/c476d2c20e4550abb59c27efaf670cb8/"
"A Survey on Modeling and Optimizing Multi-Objective Systems","This paper surveys state-of-the-art modeling and optimization techniques for multi-objective systems, analyzing pros and cons of each approach, and suggests future work directions for designing and analyzing systems with multiple objectives.","Jin-Hee Cho, Yating Wang, I. Chen, K. Chan, A. Swami",2017,177,"Many systems or applications have been developed for distributed environments with the goal of attaining multiple objectives in the face of environmental challenges such as high dynamics/hostility or severe resource constraints (e.g., energy or communications bandwidth). Often the multiple objectives are conflicting with each other, requiring optimal tradeoff analyses between the objectives. This paper is mainly concerned with how to model multiple objectives of a system and how to optimize their performance. We first conduct a comprehensive survey of the state-of-the-art modeling and solution techniques to solve multi-objective optimization problems. In addition, we discuss pros and cons of each modeling and optimization technique for in-depth understanding. Further, we classify existing approaches based on the types of objectives and investigate main problem domains, critical tradeoffs, and key techniques used in each class. We discuss the overall trends of the existing techniques in terms of application domains, objectives, and techniques. Further, we discuss challenging issues based on the inherent nature of multi-objective optimization problems. Finally, we suggest future work directions in terms of what critical design factors should be considered to design and analyze a system with multiple objectives.","literature review","IEEE Communications Surveys & Tutorials","1","10.1109/comst.2017.2698366","https://consensus.app/papers/a-survey-on-modeling-and-optimizing-multiobjective-cho-wang/9e0562cf234154be9c27813556367714/"
"Bi-objective Bayesian optimization of engineering problems with cheap and expensive cost functions","The proposed Bayesian optimization technique offers lower complexity and better performance in multi-objective engineering design optimization problems with both expensive and cheap objective functions.","Nasrulloh Loka, I. Couckuyt, Federico Garbuglia, D. Spina, Inneke van Nieuwenhuyse, T. Dhaene",2022,27,"Multi-objective optimization of complex engineering systems is a challenging problem. The design goals can exhibit dynamic and nonlinear behaviour with respect to the system’s parameters. Additionally, modern engineering is driven by simulation-based design which can be computationally expensive due to the complexity of the system under study. Bayesian optimization (BO) is a popular technique to tackle this kind of problem. In multi-objective BO, a data-driven surrogate model is created for each design objective. However, not all of the objectives may be expensive to compute. We develop an approach that can deal with a mix of expensive and cheap-to-evaluate objective functions. As a result, the proposed technique offers lower complexity than standard multi-objective BO methods and performs significantly better when the cheap objective function is difficult to approximate. In particular, we extend the popular hypervolume-based Expected Improvement (EI) and Probability of Improvement (POI) in bi-objective settings. The proposed methods are validated on multiple benchmark functions and two real-world engineering design optimization problems, showing that it performs better than its non-cheap counterparts. Furthermore, it performs competitively or better compared to other optimization methods.","","Engineering with Computers","2","10.1007/s00366-021-01573-7","https://consensus.app/papers/biobjective-bayesian-optimization-of-engineering-loka-couckuyt/8d2bb826c85b5898a57964c02845c7f7/"
"Comparison of multi-fidelity surrogate models for multi-objective aerodynamic optimization in turbomachinery under extreme cost imbalance","Multi-fidelity surrogate models can efficiently optimize aerodynamic shapes in turbomachinery under extreme computational cost imbalance, with the Bayesian optimization strategy being more efficient after dimension reduction.","Marc Schouler, Anca-Claudia Belme, Paola Cinnella",2025,4,"Abstract Aerodynamic shape optimization of next-generation aeronautic components faces challenges related to robustness and scalability. Although switching to reliable, albeit expensive, high-fidelity flow models is essential for expanding the design space, the number of high-fidelity simulations that can be performed within the optimization loop is severely limited by computational budget constraints. Furthermore, optimization must handle multiple competing objectives and handle complex constraints in contexts where gradient information is difficult or impossible to retrieve. To address these challenges, we investigate gradient-free, multi-objective constrained optimization strategies based on multi-fidelity surrogate models. In particular, we focus on cases of extreme computational cost imbalance between high- and low-fidelity models, where optimization is driven by a very small number ( O (10)) of high-fidelity simulations. In order to maximize the information extracted from the high-fidelity samples, we first generate a reduced representation of the design space. Next, we consider adaptive infill strategies for actively learning the surrogate using high-fidelity samples that best guide the optimization. Two strategies are proposed and compared: multi-objective constrained Bayesian optimization assisted by a co-kriging surrogate, and a genetic algorithm guided by a multi-fidelity neural network and active learning. The two approaches are evaluated using analytical benchmarks and a realistic use case involving a low-Reynolds linear outlet guide vane cascade, of interest for aeronautical engines. Coarse-mesh RANS simulations are used as the low-fidelity model while RANS simulations with a transition model and automatic mesh adaptation are selected as the high-fidelity ones. The efficacy of the two strategies is measured using various metrics. For the problem under consideration, it has been found that for a small number of high-fidelity samples and after dimension reduction, the Bayesian optimization strategy is more efficient. In the non-reduced design space however, both strategies yield similar performances.","","Advanced Modeling and Simulation in Engineering Sciences","1","10.1186/s40323-025-00316-3","https://consensus.app/papers/comparison-of-multifidelity-surrogate-models-for-schouler-belme/5ffc93011a3b5080adc9d72dabe69b63/"
"Gaussian Process Regression Based Multi-Objective Bayesian Optimization for Power System Design","GPR-MOBO is an effective and efficient multi-objective optimization algorithm for power system design, outperforming state-of-the-art approaches and increasing value-add when simulations are computationally expensive and design degrees of freedom are high.","Nicolai Palm, Markus Landerer, Herbert Palm",2022,14,"Within a disruptively changing environment, design of power systems becomes a complex task. Meeting multi-criteria requirements with increasing degrees of freedom in design and simultaneously decreasing technical expertise strengthens the need for multi-objective optimization (MOO) making use of algorithms and virtual prototyping. In this context, we present Gaussian Process Regression based Multi-Objective Bayesian Optimization (GPR-MOBO) with special emphasis on its profound theoretical background. A detailed mathematical framework is provided to derive a GPR-MOBO computer implementable algorithm. We quantify GPR-MOBO effectiveness and efficiency by hypervolume and the number of required computationally expensive simulations to identify Pareto-optimal design solutions, respectively. For validation purposes, we benchmark our GPR-MOBO implementation based on a mathematical test function with analytically known Pareto front and compare results to those of well-known algorithms NSGA-II and pure Latin Hyper Cube Sampling. To rule out effects of randomness, we include statistical evaluations. GPR-MOBO turnes out as an effective and efficient approach with superior character versus state-of-the art approaches and increasing value-add when simulations are computationally expensive and the number of design degrees of freedom is high. Finally, we provide an example of GPR-MOBO based power system design and optimization that demonstrates both the methodology itself and its performance benefits.","","Sustainability","1","10.3390/su141912777","https://consensus.app/papers/gaussian-process-regression-based-multiobjective-palm-landerer/fd8caae169ac5e23aa829cf587c09661/"
"A Global Bayesian Optimization Algorithm and Its Application to Integrated System Design","Two-Stage Bayesian Optimization (TSBO) is a faster convergence rate for integrated system design, reducing computational time and enhancing performance compared to other optimization methods.","H. Torun, M. Swaminathan, Anto Kavungal Davis, M. Bellaredj",2018,107,"Increasing levels of system integration pose difficulties in meeting design specifications for high-performance systems. Oftentimes increased complexity, nonlinearity, and multiple tradeoffs need to be handled simultaneously during the design cycle. Since components in such systems are highly correlated with each other, codesign and co-optimization of the complete system are required. Machine learning (ML) provides opportunities for analyzing such systems with multiple control parameters, where techniques based on Bayesian optimization (BO) can be used to meet or exceed design specifications. In this paper, we propose a new BO-based global optimization algorithm titled Two-Stage BO (TSBO). TSBO can be applied to black box optimization problems where the computational time can be reduced through a reduction in the number of simulations required. Empirical analysis on a set of popular challenge functions with several local extrema and dimensions shows TSBO to have a faster convergence rate as compared with other optimization methods. In this paper, TSBO has been applied for clock skew minimization in 3-D integrated circuits and multiobjective co-optimization for maximizing efficiency in integrated voltage regulators. The results show that TSBO is between  $2\times $ - $4\times $  faster as compared with previously published BO algorithms and other non-ML-based techniques.","","IEEE Transactions on Very Large Scale Integration (VLSI) Systems","1","10.1109/tvlsi.2017.2784783","https://consensus.app/papers/a-global-bayesian-optimization-algorithm-and-its-torun-swaminathan/586ef0438df45ddb8043cbf87a01984f/"
"Efficient Multi-Information Source Multiobjective Bayesian Optimization","This multi-information source framework efficiently optimizes multi-objective problems by utilizing all available information and considering potential improvement and cost, as demonstrated in aerostructural wing design.","Danial Khatamsaz, Lalith Peddareddygari, Sam Friedman, D. Allaire",2020,10,"Multi-objective optimization is often a diﬃcult task owing to the need to balance competing objectives. A typical approach to handling this is to estimate a Pareto frontier in objective space by identifying non-dominated points. This task is typically computationally demanding owing to the need to incorporate information of high enough ﬁdelity to be trusted in design and decision-making processes. In this work, we present a multi-information source framework for enabling eﬃcient multi-objective optimization. The framework allows for the exploitation of all available information and considers both potential improvement and cost. The framework includes ingredients of model fusion, expected hypervolume improvement and intermediate Gaussian process surrogates. The approach is demonstrated on two test problems and aerostructural wing design problem.","","AIAA Scitech 2020 Forum","","10.2514/6.2020-2127","https://consensus.app/papers/efficient-multiinformation-source-multiobjective-khatamsaz-peddareddygari/67c4843c06655462a2dcacdef658e14b/"
"A Review of Multi-objective Optimization: Methods and Algorithms in Mechanical Engineering Problems","Multi-objective optimization methods in mechanical engineering have evolved with computing advancements, enhancing design optimization, manufacturing, and structural health monitoring.","J. L. J. Pereira, Guilherme Antônio Oliver, M. Francisco, S. Cunha, G. Gomes",2021,294,"The optimization problems that must meet more than one objective are called multi-objective optimization problems and may present several optimal solutions. This manuscript brings the most important concepts of multi-objective optimization and a systematic review of the most cited articles in the last years in mechanical engineering, giving details about the main applied multi-objective optimization algorithms and methods in this field. Some of the applications that can be found in this study are: (i) problems in design optimization, (ii) problems in manufacturing: welding, machining and molding and (iii) problems in structural health monitoring. It can be seen that classic optimization methods had their importance in the past, but lost space for new algorithms that emerged with the advancement of computing, better able to deal with a greater number of variables, objectives and nonlinearities. These powerful algorithms, still little used in Mechanical Engineering, showed significant improvement where they were applied. Meta-heuristics with a posteriori decision-making techniques proved to be a modern trend in solving multi-objective problems, although it is not limited due to the constant battle of new algorithms more adapted to specific problems.","systematic review","Archives of Computational Methods in Engineering","1","10.1007/s11831-021-09663-x","https://consensus.app/papers/a-review-of-multiobjective-optimization-methods-and-pereira-oliver/27379303385a50f5a600583ee0929af9/"
"Handling Multiobjective Optimization Problems With Complex Constraints: A Constraints Grouping-Based Approach","Our refined framework for complex constrained multiobjective evolutionary optimization improves convergence, diversity, and competitiveness compared to traditional methods.","Biao Xu, Yiwu Zheng, Wenji Li, Xiao-zhi Gao, Dunwei Gong, Jie He, Zhun Fan",2025,13,"Real-world production scenarios often involve multiobjective optimization problems with intricate constraints. Although there has been a growing interest in multiobjective problems with complex constraints, such as the vehicle routing problem with time windows, existing multiobjective evolutionary optimization techniques still face significant challenges, particularly when addressing the fragmented and narrow feasible regions that arise from these constraints. Our research introduces a refined framework tailored for complex constrained multiobjective evolutionary optimization. The methodology conducts an initial strong-weak analysis to categorize constraints and merges each strong constraint with all weak constraints to form subsets. Each subset, combined with the original objective functions, defines a subproblem. Independent optimization of the original problem and subproblems is carried out by utilizing multiple populations. Information acquired from the subproblems’ populations is transferred into the population of the original issue, thereby expediting the detection of the feasible region and simplifying the resolution of the original problem. The efficacy of our innovative algorithm, when benchmarked against traditional constrained multiobjective evolutionary algorithms across 72 test functions, has demonstrated superior convergence, diversity, and competitiveness.","","IEEE Transactions on Systems, Man, and Cybernetics: Systems","1","10.1109/tsmc.2025.3547618","https://consensus.app/papers/handling-multiobjective-optimization-problems-with-xu-zheng/b71752cd5f315d1f97741905d5246d76/"
"A Coevolutionary Framework for Constrained Multiobjective Optimization Problems","The proposed coevolutionary framework effectively solves complex constrained multiobjective optimization problems by sharing useful information between populations, outperforming state-of-the-art algorithms on 47 benchmarks and the vehicle routing problem with time windows.","Ye Tian, Tao Zhang, Jian-hua Xiao, Xing-yi Zhang, Yaochu Jin",2021,563,"Constrained multiobjective optimization problems (CMOPs) are challenging because of the difficulty in handling both multiple objectives and constraints. While some evolutionary algorithms have demonstrated high performance on most CMOPs, they exhibit bad convergence or diversity performance on CMOPs with small feasible regions. To remedy this issue, this article proposes a coevolutionary framework for constrained multiobjective optimization, which solves a complex CMOP assisted by a simple helper problem. The proposed framework evolves one population to solve the original CMOP and evolves another population to solve a helper problem derived from the original one. While the two populations are evolved by the same optimizer separately, the assistance in solving the original CMOP is achieved by sharing useful information between the two populations. In the experiments, the proposed framework is compared to several state-of-the-art algorithms tailored for CMOPs. High competitiveness of the proposed framework is demonstrated by applying it to 47 benchmark CMOPs and the vehicle routing problem with time windows.","","IEEE Transactions on Evolutionary Computation","1","10.1109/tevc.2020.3004012","https://consensus.app/papers/a-coevolutionary-framework-for-constrained-tian-zhang/2d1b00c7828b5e1ba7f5c130fa305b70/"
"Coevolutionary Algorithm with Bayes Theorem for Constrained Multiobjective Optimization","The Bayes' theorem-based environment selection model improves adaptability and convergence efficiency in constrained multi-objective optimization problems, outperforming other algorithms in both convergence and diversity.","Shaoyu Zhao, H. Jia, Yongchao Li, Qian Shi",2025,1,"The effective resolution of constrained multi-objective optimization problems (CMOPs) requires a delicate balance between maximizing objectives and satisfying constraints. Previous studies have demonstrated that multi-swarm optimization models exhibit robust performance in CMOPs; however, their high computational resource demands can hinder convergence efficiency. This article proposes an environment selection model based on Bayes’ theorem, leveraging the advantages of dual populations. The model constructs prior knowledge using objective function values and constraint violation values, and then, it integrates this information to enhance selection processes. By dynamically adjusting the selection of the auxiliary population based on prior knowledge, the algorithm significantly improves its adaptability to various CMOPs. Additionally, a population size adjustment strategy is introduced to mitigate the computational burden of dual populations. By utilizing past prior knowledge to estimate the probability of function value changes, offspring allocation is dynamically adjusted, optimizing resource utilization. This adaptive adjustment prevents unnecessary computational waste during evolution, thereby enhancing both convergence and diversity. To validate the effectiveness of the proposed algorithm, comparative experiments were performed against seven constrained multi-objective optimization algorithms (CMOEAs) across three benchmark test sets and 12 real-world problems. The results show that the proposed algorithm outperforms the others in both convergence and diversity.","","Mathematics","2","10.3390/math13071191","https://consensus.app/papers/coevolutionary-algorithm-with-bayes-theorem-for-zhao-jia/0e11e965d392578ba4a76e9ba5f26317/"
"Multi-Objective Causal Bayesian Optimization","Multi-Objective Causal Bayesian Optimization (MO-CBO) effectively identifies Pareto-optimal interventions within multi-target causal graphs, outperforming traditional methods in settings with causal information.","Shriya Bhatija, P. Zuercher, Jakob Thumm, Thomas Bohné",2025,2,"In decision-making problems, the outcome of an intervention often depends on the causal relationships between system components and is highly costly to evaluate. In such settings, causal Bayesian optimization (CBO) can exploit the causal relationships between the system variables and sequentially perform interventions to approach the optimum with minimal data. Extending CBO to the multi-outcome setting, we propose Multi-Objective Causal Bayesian Optimization (MO-CBO), a paradigm for identifying Pareto-optimal interventions within a known multi-target causal graph. We first derive a graphical characterization for potentially optimal sets of variables to intervene upon. Showing that any MO-CBO problem can be decomposed into several traditional multi-objective optimization tasks, we then introduce an algorithm that sequentially balances exploration across these tasks using relative hypervolume improvement. The proposed method will be validated on both synthetic and real-world causal graphs, demonstrating its superiority over traditional (non-causal) multi-objective Bayesian optimization in settings where causal information is available.","","ArXiv","","10.48550/arxiv.2502.14755","https://consensus.app/papers/multiobjective-causal-bayesian-optimization-bhatija-zuercher/dbac6bffdaf9574a97c537a90930f0ec/"
"Multicriteria Optimization and Decision Making: Principles, Algorithms and Case Studies","Multicriteria optimization techniques aid decision analysis and decision making by balancing conflicting criteria, resulting in Pareto optimal solutions.","Michael T. M. Emmerich, A. Deutz",2024,663,"Real-world decision and optimization problems, often involve constraints and conflicting criteria. For example, choosing a travel method must balance speed, cost, environmental footprint, and convenience. Similarly, designing an industrial process must consider safety, environmental impact, and cost efficiency. Ideal solutions where all objectives are optimally met are rare; instead, we seek good compromises and aim to avoid lose-lose scenarios. Multicriteria optimization offers computational techniques to compute Pareto optimal solutions, aiding decision analysis and decision making. This reader offers an introduction to this topic and has been developed on the basis of the revised edition of the reader for the MSc computer science course""Multicriteria Optimization and Decision Analysis""at the Leiden Institute of Advanced Computer Science, Leiden University, The Netherlands. This course was taught annually by the first author from 2007 to 2023 as a single semester course with lectures and practicals. Our aim was to make the material accessible to MSc students who do not study mathematics as their core discipline by introducing basic numerical analysis concepts when necessary and providing numerical examples for interesting cases. The introduction is organized in a unique didactic manner developed by the authors, starting from more simple concepts such as linear programming and single-point methods, and advancing from these to more difficult concepts such as optimality conditions for nonlinear optimization and set-oriented solution algorithms. Besides, we focus on the mathematical modeling and foundations rather than on specific algorithms, though not excluding the discussion of some representative examples of solution algorithms.","","ArXiv","","10.48550/arxiv.2407.00359","https://consensus.app/papers/multicriteria-optimization-and-decision-making-emmerich-deutz/33692c98e40e52169e71b9525e4c3fde/"
"Adaptive surrogate assisted multi-objective optimization approach for highly nonlinear and complex engineering design problems","AMOS effectively reduces computation cost and accurately discovers Pareto frontiers in highly nonlinear multi-objective optimization problems, benefiting practical engineering applications.","A. Younis, Z. Dong",2023,22,"","","Appl. Soft Comput.","1","10.1016/j.asoc.2023.111065","https://consensus.app/papers/adaptive-surrogate-assisted-multiobjective-younis-dong/804a02ee57905bac8d95e8552fa4a63a/"
"Multi-objective constrained Bayesian optimization for structural design","The Bayesian optimization framework effectively optimizes structural design problems with expensive constraints and cheap objectives, outperforming other methods and random search procedures.","A. Mathern, Olof Skogby Steinholtz, Anders Sjöberg, Magnus Önnheim, K. Ek, R. Rempling, E. Gustavsson, M. Jirstrand",2020,69,"The planning and design of buildings and civil engineering concrete structures constitutes a complex problem subject to constraints, for instance, limit state constraints from design codes, evaluated by expensive computations such as finite element (FE) simulations. Traditionally, the focus has been on minimizing costs exclusively, while the current trend calls for good trade-offs of multiple criteria such as sustainability, buildability, and performance, which can typically be computed cheaply from the design parameters. Multi-objective methods can provide more relevant design strategies to find such trade-offs. However, the potential of multi-objective optimization methods remains unexploited in structural concrete design practice, as the expensiveness of structural design problems severely limits the scope of applicable algorithms. Bayesian optimization has emerged as an efficient approach to optimizing expensive functions, but it has not been, to the best of our knowledge, applied to constrained multi-objective optimization of structural concrete design problems. In this work, we develop a Bayesian optimization framework explicitly exploiting the features inherent to structural design problems, that is, expensive constraints and cheap objectives. The framework is evaluated on a generic case of structural design of a reinforced concrete (RC) beam, taking into account sustainability, buildability, and performance objectives, and is benchmarked against the well-known Non-dominated Sorting Genetic Algorithm II (NSGA-II) and a random search procedure. The results show that the Bayesian algorithm performs considerably better in terms of rate-of-improvement, final solution quality, and variance across repeated runs, which suggests it is well-suited for multi-objective constrained optimization problems in structural design.","","Structural and Multidisciplinary Optimization","1","10.1007/s00158-020-02720-2","https://consensus.app/papers/multiobjective-constrained-bayesian-optimization-for-mathern-steinholtz/404f87d5ea2e5947aab201e12fa8bf2a/"
"Neural network-based surrogate modeling and optimization of a multigeneration system","Neural network-based surrogate modeling and multi-objective optimization can improve multi-criteria decision-making in multigeneration systems, with improvements ranging from 1.9% to 12.7%.","Parviz Ghafariasl, Alireza Mahmoudan, Mahmoud Mohammadi, Aria Nazarparvar, S. Hoseinzadeh, M. Fathali, Shing Chang, Masoomeh Zeinalnezhad, Davide Astiaso Garcia",2024,60,"","","Applied Energy","1","10.1016/j.apenergy.2024.123130","https://consensus.app/papers/neural-networkbased-surrogate-modeling-and-optimization-ghafariasl-mahmoudan/44a4bb800ead59b299aff2c744d48b4c/"
"A pairwise comparison based surrogate-assisted evolutionary algorithm for expensive multi-objective optimization","The proposed surrogate-assisted evolutionary algorithm improves performance in expensive multi-objective optimization tasks by conducting pairwise comparisons between candidate solutions, outperforming popular models.","Ye Tian, Jiaxing Hu, Cheng He, Haiping Ma, Limiao Zhang, Xingyi Zhang",2023,71,"","","Swarm Evol. Comput.","1","10.1016/j.swevo.2023.101323","https://consensus.app/papers/a-pairwise-comparison-based-surrogateassisted-tian-hu/72435d7ed626588da071260c544e883f/"
